"HeartofDarkness"_ACTUAL_1575520329025,1
"HeartofDarkness"_AGREEMENT_1575520328968,1
"HeartofDarkness"_AGREE_1575520328704,1
"HeartofDarkness"_AGREE_1575520328877,1
"HeartofDarkness"_AK_1575520333906,1
"HeartofDarkness"_AND_1575520328929,1
"HeartofDarkness"_ANY_1575520328937,1
"HeartofDarkness"_ANY_1575520330448,1
"HeartofDarkness"_ANY_1575520330567,1
"HeartofDarkness"_ASCII_1575520324050,1
"HeartofDarkness"_ASCII_1575520324487,1
"HeartofDarkness"_AS_1575520330397,1
"HeartofDarkness"_About_1575520336693,1
"HeartofDarkness"_Additional_1575520322747,1
"HeartofDarkness"_Any_1575520324511,1
"HeartofDarkness"_ArchiveFoundationThe_1575520333164,1
"HeartofDarkness"_Archive_1575520325588,1
"HeartofDarkness"_Archive_1575520325911,1
"HeartofDarkness"_Archive_1575520326080,1
"HeartofDarkness"_Archive_1575520327467,1
"HeartofDarkness"_Archive_1575520328445,1
"HeartofDarkness"_Archive_1575520332716,1
"HeartofDarkness"_Archive_1575520332925,1
"HeartofDarkness"_Archive_1575520333196,1
"HeartofDarkness"_Archive_1575520333650,1
"HeartofDarkness"_Archive_1575520334480,1
"HeartofDarkness"_BELIABLE_1575520328993,1
"HeartofDarkness"_BREACH_1575520328775,1
"HeartofDarkness"_BREACH_1575520328808,1
"HeartofDarkness"_BUT_1575520330496,1
"HeartofDarkness"_B_1575520334347,1
"HeartofDarkness"_Because_1575520319920,1
"HeartofDarkness"_But_1575520319279,1
"HeartofDarkness"_CONSEQUENTIAL_1575520329046,1
"HeartofDarkness"_CONTRACT_1575520328822,1
"HeartofDarkness"_Cautiously_1575520319507,1
"HeartofDarkness"_Chief_1575520334363,1
"HeartofDarkness"_City_1575520334077,1
"HeartofDarkness"_Company_1575520319401,1
"HeartofDarkness"_Compliance_1575520335159,1
"HeartofDarkness"_ConradRelease_1575520316886,1
"HeartofDarkness"_ConradThis_1575520316436,1
"HeartofDarkness"_Contact_1575520327560,1
"HeartofDarkness"_Contributions_1575520333611,1
"HeartofDarkness"_DAMAGES_1575520328320,1
"HeartofDarkness"_DAMAGES_1575520329071,1
"HeartofDarkness"_DIRECT_1575520329031,1
"HeartofDarkness"_DISCLAIMER_1575520328304,1
"HeartofDarkness"_DISTRIBUTOR_1575520328946,1
"HeartofDarkness"_DONATIONS_1575520335516,1
"HeartofDarkness"_DarknessAuthor_1575520316872,1
"HeartofDarkness"_Darkness_1575520316400,1
"HeartofDarkness"_Date_1575520316914,1
"HeartofDarkness"_Defect_1575520331950,1
"HeartofDarkness"_Defects_1575520327967,1
"HeartofDarkness"_Deplorable_1575520319653,1
"HeartofDarkness"_Despite_1575520327821,1
"HeartofDarkness"_Director_1575520334386,1
"HeartofDarkness"_Do_1575520319959,1
"HeartofDarkness"_Do_1575520322997,1
"HeartofDarkness"_Do_1575520323265,1
"HeartofDarkness"_Do_1575520324651,1
"HeartofDarkness"_Domain_1575520337242,1
"HeartofDarkness"_Don_1575520318435,1
"HeartofDarkness"_Don_1575520320119,1
"HeartofDarkness"_Donations_1575520334438,1
"HeartofDarkness"_Donations_1575520336460,1
"HeartofDarkness"_Dr_1575520333880,1
"HeartofDarkness"_Dr_1575520334330,1
"HeartofDarkness"_EBook_1575520316350,1
"HeartofDarkness"_EBook_1575520316928,1
"HeartofDarkness"_EIN_1575520333436,1
"HeartofDarkness"_EVEN_1575520329080,1
"HeartofDarkness"_EXCEPT_1575520328830,1
"HeartofDarkness"_EXPRESS_1575520330464,1
"HeartofDarkness"_E_1575520322648,1
"HeartofDarkness"_E_1575520322664,1
"HeartofDarkness"_E_1575520322987,1
"HeartofDarkness"_E_1575520323258,1
"HeartofDarkness"_E_1575520323470,1
"HeartofDarkness"_E_1575520323591,1
"HeartofDarkness"_E_1575520324634,1
"HeartofDarkness"_E_1575520324644,1
"HeartofDarkness"_E_1575520324835,1
"HeartofDarkness"_E_1575520324900,1
"HeartofDarkness"_E_1575520324909,1
"HeartofDarkness"_E_1575520327159,1
"HeartofDarkness"_Email_1575520334118,1
"HeartofDarkness"_Exactly_1575520320220,1
"HeartofDarkness"_Except_1575520328329,1
"HeartofDarkness"_Except_1575520330250,1
"HeartofDarkness"_Executive_1575520334370,1
"HeartofDarkness"_FITNESS_1575520330550,1
"HeartofDarkness"_FOR_1575520328751,1
"HeartofDarkness"_FOR_1575520329017,1
"HeartofDarkness"_FOR_1575520330560,1
"HeartofDarkness"_FOUNDATION_1575520328902,1
"HeartofDarkness"_F_1575520326737,1
"HeartofDarkness"_F_1575520327621,1
"HeartofDarkness"_F_1575520327631,1
"HeartofDarkness"_F_1575520328283,1
"HeartofDarkness"_F_1575520328410,1
"HeartofDarkness"_F_1575520328861,1
"HeartofDarkness"_F_1575520329158,1
"HeartofDarkness"_F_1575520330243,1
"HeartofDarkness"_F_1575520330344,1
"HeartofDarkness"_F_1575520330583,1
"HeartofDarkness"_F_1575520331155,1
"HeartofDarkness"_Fairbanks_1575520333899,1
"HeartofDarkness"_February_1575520316920,1
"HeartofDarkness"_For_1575520336946,1
"HeartofDarkness"_FoundationProject_1575520334487,1
"HeartofDarkness"_Foundation_1575520325598,1
"HeartofDarkness"_Foundation_1575520325918,1
"HeartofDarkness"_Foundation_1575520326087,1
"HeartofDarkness"_Foundation_1575520327474,1
"HeartofDarkness"_Foundation_1575520328452,1
"HeartofDarkness"_Foundation_1575520331228,1
"HeartofDarkness"_Foundation_1575520331299,1
"HeartofDarkness"_Foundation_1575520332724,1
"HeartofDarkness"_Foundation_1575520333042,1
"HeartofDarkness"_Foundation_1575520333203,1
"HeartofDarkness"_Foundation_1575520333416,1
"HeartofDarkness"_Foundation_1575520333658,1
"HeartofDarkness"_Foundation_1575520333812,1
"HeartofDarkness"_Foundation_1575520334220,1
"HeartofDarkness"_Foundation_1575520335002,1
"HeartofDarkness"_Foundation_1575520337730,1
"HeartofDarkness"_Foundationand_1575520332934,1
"HeartofDarkness"_GIVE_1575520329102,1
"HeartofDarkness"_General_1575520336675,1
"HeartofDarkness"_Gregory_1575520334337,1
"HeartofDarkness"_GutenbergLiterary_1575520333642,1
"HeartofDarkness"_GutenbergLiterary_1575520334471,1
"HeartofDarkness"_Gutenberg_1575520316335,1
"HeartofDarkness"_Gutenberg_1575520316778,1
"HeartofDarkness"_Gutenberg_1575520322431,1
"HeartofDarkness"_Gutenberg_1575520322807,1
"HeartofDarkness"_Gutenberg_1575520323075,1
"HeartofDarkness"_Gutenberg_1575520323243,1
"HeartofDarkness"_Gutenberg_1575520323904,1
"HeartofDarkness"_Gutenberg_1575520324150,1
"HeartofDarkness"_Gutenberg_1575520324586,1
"HeartofDarkness"_Gutenberg_1575520324780,1
"HeartofDarkness"_Gutenberg_1575520325034,1
"HeartofDarkness"_Gutenberg_1575520325207,1
"HeartofDarkness"_Gutenberg_1575520325433,1
"HeartofDarkness"_Gutenberg_1575520325571,1
"HeartofDarkness"_Gutenberg_1575520325895,1
"HeartofDarkness"_Gutenberg_1575520326065,1
"HeartofDarkness"_Gutenberg_1575520326381,1
"HeartofDarkness"_Gutenberg_1575520326667,1
"HeartofDarkness"_Gutenberg_1575520327135,1
"HeartofDarkness"_Gutenberg_1575520327251,1
"HeartofDarkness"_Gutenberg_1575520327451,1
"HeartofDarkness"_Gutenberg_1575520327536,1
"HeartofDarkness"_Gutenberg_1575520327646,1
"HeartofDarkness"_Gutenberg_1575520327808,1
"HeartofDarkness"_Gutenberg_1575520327853,1
"HeartofDarkness"_Gutenberg_1575520331338,1
"HeartofDarkness"_Gutenberg_1575520331500,1
"HeartofDarkness"_Gutenberg_1575520331801,1
"HeartofDarkness"_Gutenberg_1575520331897,1
"HeartofDarkness"_Gutenberg_1575520332032,1
"HeartofDarkness"_Gutenberg_1575520332048,1
"HeartofDarkness"_Gutenberg_1575520332535,1
"HeartofDarkness"_Gutenberg_1575520332602,1
"HeartofDarkness"_Gutenberg_1575520332812,1
"HeartofDarkness"_Gutenberg_1575520332908,1
"HeartofDarkness"_Gutenberg_1575520333148,1
"HeartofDarkness"_Gutenberg_1575520333180,1
"HeartofDarkness"_Gutenberg_1575520334497,1
"HeartofDarkness"_Gutenberg_1575520336385,1
"HeartofDarkness"_Gutenberg_1575520336710,1
"HeartofDarkness"_Gutenberg_1575520336819,1
"HeartofDarkness"_Gutenberg_1575520337108,1
"HeartofDarkness"_Gutenberg_1575520337635,1
"HeartofDarkness"_Gutenberg_1575520337714,1
"HeartofDarkness"_HAVE_1575520328729,1
"HeartofDarkness"_Hart_1575520336760,1
"HeartofDarkness"_He_1575520318974,1
"HeartofDarkness"_He_1575520319070,1
"HeartofDarkness"_He_1575520319127,1
"HeartofDarkness"_He_1575520319410,1
"HeartofDarkness"_Heart_1575520316376,1
"HeartofDarkness"_Heart_1575520316860,1
"HeartofDarkness"_However_1575520323814,1
"HeartofDarkness"_IF_1575520329086,1
"HeartofDarkness"_IMPLIED_1575520330480,1
"HeartofDarkness"_INCLUDING_1575520330487,1
"HeartofDarkness"_INDEMNITY_1575520331165,1
"HeartofDarkness"_INDIRECT_1575520329038,1
"HeartofDarkness"_IN_1575520328846,1
"HeartofDarkness"_IRS_1575520334984,1
"HeartofDarkness"_IS_1575520330404,1
"HeartofDarkness"_I_1575520318497,1
"HeartofDarkness"_I_1575520318669,1
"HeartofDarkness"_I_1575520318732,1
"HeartofDarkness"_I_1575520318868,1
"HeartofDarkness"_I_1575520318891,1
"HeartofDarkness"_I_1575520319707,1
"HeartofDarkness"_I_1575520319982,1
"HeartofDarkness"_I_1575520320182,1
"HeartofDarkness"_I_1575520320383,1
"HeartofDarkness"_If_1575520327166,1
"HeartofDarkness"_If_1575520329211,1
"HeartofDarkness"_If_1575520329502,1
"HeartofDarkness"_If_1575520329847,1
"HeartofDarkness"_If_1575520330094,1
"HeartofDarkness"_If_1575520330760,1
"HeartofDarkness"_In_1575520332683,1
"HeartofDarkness"_Information_1575520326020,1
"HeartofDarkness"_Information_1575520331984,1
"HeartofDarkness"_Information_1575520333115,1
"HeartofDarkness"_Information_1575520334419,1
"HeartofDarkness"_Information_1575520336684,1
"HeartofDarkness"_InternalRevenue_1575520333391,1
"HeartofDarkness"_International_1575520336112,1
"HeartofDarkness"_It_1575520332258,1
"HeartofDarkness"_Its_1575520333485,1
"HeartofDarkness"_Its_1575520333995,1
"HeartofDarkness"_Iwill_1575520318718,1
"HeartofDarkness"_Joseph_1575520316425,1
"HeartofDarkness"_Joseph_1575520316880,1
"HeartofDarkness"_KIND_1575520330455,1
"HeartofDarkness"_Kurtz_1575520319329,1
"HeartofDarkness"_LIMITED_1575520328291,1
"HeartofDarkness"_LIMITED_1575520329166,1
"HeartofDarkness"_LIMITED_1575520330512,1
"HeartofDarkness"_Lake_1575520334068,1
"HeartofDarkness"_License_1575520316784,1
"HeartofDarkness"_License_1575520322821,1
"HeartofDarkness"_License_1575520323583,1
"HeartofDarkness"_License_1575520326398,1
"HeartofDarkness"_LiteraryArchive_1575520337721,1
"HeartofDarkness"_Literary_1575520325581,1
"HeartofDarkness"_Literary_1575520325902,1
"HeartofDarkness"_Literary_1575520326072,1
"HeartofDarkness"_Literary_1575520327460,1
"HeartofDarkness"_Literary_1575520328436,1
"HeartofDarkness"_Literary_1575520332708,1
"HeartofDarkness"_Literary_1575520332916,1
"HeartofDarkness"_Literary_1575520333155,1
"HeartofDarkness"_Literary_1575520333187,1
"HeartofDarkness"_MERCHANTIBILITY_1575520330534,1
"HeartofDarkness"_Many_1575520334864,1
"HeartofDarkness"_Melan_1575520333871,1
"HeartofDarkness"_MichaelHart_1575520327489,1
"HeartofDarkness"_Michael_1575520336743,1
"HeartofDarkness"_Mission_1575520332008,1
"HeartofDarkness"_Mississippi_1575520333326,1
"HeartofDarkness"_Most_1575520337441,1
"HeartofDarkness"_Mr_1575520319320,1
"HeartofDarkness"_NEGLIGENCE_1575520328759,1
"HeartofDarkness"_NOTICE_1575520329111,1
"HeartofDarkness"_NOT_1575520328984,1
"HeartofDarkness"_NOT_1575520330503,1
"HeartofDarkness"_NO_1575520328736,1
"HeartofDarkness"_NO_1575520330421,1
"HeartofDarkness"_Never_1575520318654,1
"HeartofDarkness"_Newby_1575520334354,1
"HeartofDarkness"_No_1575520320145,1
"HeartofDarkness"_North_1575520334044,1
"HeartofDarkness"_Not_1575520318599,1
"HeartofDarkness"_OF_1575520328313,1
"HeartofDarkness"_OF_1575520328782,1
"HeartofDarkness"_OF_1575520328815,1
"HeartofDarkness"_OF_1575520329117,1
"HeartofDarkness"_OF_1575520329143,1
"HeartofDarkness"_OF_1575520329181,1
"HeartofDarkness"_OF_1575520330441,1
"HeartofDarkness"_OF_1575520330528,1
"HeartofDarkness"_ORINCIDENTAL_1575520329064,1
"HeartofDarkness"_OR_1575520328799,1
"HeartofDarkness"_OR_1575520329196,1
"HeartofDarkness"_OR_1575520330471,1
"HeartofDarkness"_OR_1575520330544,1
"HeartofDarkness"_OTHERWARRANTIES_1575520330432,1
"HeartofDarkness"_OWNER_1575520328918,1
"HeartofDarkness"_PARAGRAPH_1575520328852,1
"HeartofDarkness"_PG_1575520337532,1
"HeartofDarkness"_POSSIBILITY_1575520329133,1
"HeartofDarkness"_PUNITIVE_1575520329053,1
"HeartofDarkness"_PURPOSE_1575520330576,1
"HeartofDarkness"_Plain_1575520324035,1
"HeartofDarkness"_Plain_1575520324470,1
"HeartofDarkness"_Please_1575520336350,1
"HeartofDarkness"_Professor_1575520336734,1
"HeartofDarkness"_ProjectGutenberg_1575520323567,1
"HeartofDarkness"_ProjectGutenberg_1575520328428,1
"HeartofDarkness"_ProjectGutenberg_1575520328493,1
"HeartofDarkness"_ProjectGutenberg_1575520328561,1
"HeartofDarkness"_ProjectGutenberg_1575520332700,1
"HeartofDarkness"_ProjectGutenberg_1575520337005,1
"HeartofDarkness"_Project_1575520316318,1
"HeartofDarkness"_Project_1575520316770,1
"HeartofDarkness"_Project_1575520322416,1
"HeartofDarkness"_Project_1575520322799,1
"HeartofDarkness"_Project_1575520323064,1
"HeartofDarkness"_Project_1575520323234,1
"HeartofDarkness"_Project_1575520323897,1
"HeartofDarkness"_Project_1575520324143,1
"HeartofDarkness"_Project_1575520324579,1
"HeartofDarkness"_Project_1575520324771,1
"HeartofDarkness"_Project_1575520325027,1
"HeartofDarkness"_Project_1575520325199,1
"HeartofDarkness"_Project_1575520325402,1
"HeartofDarkness"_Project_1575520325563,1
"HeartofDarkness"_Project_1575520325885,1
"HeartofDarkness"_Project_1575520326058,1
"HeartofDarkness"_Project_1575520326372,1
"HeartofDarkness"_Project_1575520326660,1
"HeartofDarkness"_Project_1575520327128,1
"HeartofDarkness"_Project_1575520327244,1
"HeartofDarkness"_Project_1575520327438,1
"HeartofDarkness"_Project_1575520327529,1
"HeartofDarkness"_Project_1575520327637,1
"HeartofDarkness"_Project_1575520327799,1
"HeartofDarkness"_Project_1575520327846,1
"HeartofDarkness"_Project_1575520331331,1
"HeartofDarkness"_Project_1575520331494,1
"HeartofDarkness"_Project_1575520331795,1
"HeartofDarkness"_Project_1575520332024,1
"HeartofDarkness"_Project_1575520332528,1
"HeartofDarkness"_Project_1575520332595,1
"HeartofDarkness"_Project_1575520332803,1
"HeartofDarkness"_Project_1575520332899,1
"HeartofDarkness"_Project_1575520333138,1
"HeartofDarkness"_Project_1575520333171,1
"HeartofDarkness"_Project_1575520333634,1
"HeartofDarkness"_Project_1575520334464,1
"HeartofDarkness"_Project_1575520336377,1
"HeartofDarkness"_Project_1575520336701,1
"HeartofDarkness"_Project_1575520336811,1
"HeartofDarkness"_Project_1575520337099,1
"HeartofDarkness"_Project_1575520337628,1
"HeartofDarkness"_Project_1575520337705,1
"HeartofDarkness"_Public_1575520337233,1
"HeartofDarkness"_REFUND_1575520329203,1
"HeartofDarkness"_REMEDIES_1575520328744,1
"HeartofDarkness"_REPLACEMENT_1575520329188,1
"HeartofDarkness"_RIGHT_1575520329172,1
"HeartofDarkness"_Refund_1575520328380,1
"HeartofDarkness"_Replacement_1575520328361,1
"HeartofDarkness"_Rightof_1575520328352,1
"HeartofDarkness"_Royalty_1575520325605,1
"HeartofDarkness"_Royalty_1575520325794,1
"HeartofDarkness"_STRICTLIABILITY_1575520328766,1
"HeartofDarkness"_SUCHDAMAGE_1575520329150,1
"HeartofDarkness"_S_1575520333736,1
"HeartofDarkness"_S_1575520333888,1
"HeartofDarkness"_S_1575520336291,1
"HeartofDarkness"_S_1575520336751,1
"HeartofDarkness"_S_1575520337275,1
"HeartofDarkness"_Salt_1575520334061,1
"HeartofDarkness"_Save_1575520318469,1
"HeartofDarkness"_Saveme_1575520318383,1
"HeartofDarkness"_Section_1575520326014,1
"HeartofDarkness"_Section_1575520327608,1
"HeartofDarkness"_Section_1575520331976,1
"HeartofDarkness"_Section_1575520333105,1
"HeartofDarkness"_Sections_1575520333010,1
"HeartofDarkness"_Service_1575520333400,1
"HeartofDarkness"_Sick_1575520318585,1
"HeartofDarkness"_Sick_1575520318593,1
"HeartofDarkness"_Some_1575520330616,1
"HeartofDarkness"_States_1575520336272,1
"HeartofDarkness"_THAT_1575520328713,1
"HeartofDarkness"_THAT_1575520328885,1
"HeartofDarkness"_THETRADEMARK_1575520328911,1
"HeartofDarkness"_THE_1575520328896,1
"HeartofDarkness"_THE_1575520329126,1
"HeartofDarkness"_THIS_1575520328962,1
"HeartofDarkness"_THOSEPROVIDED_1575520328837,1
"HeartofDarkness"_TOWARRANTIES_1575520330519,1
"HeartofDarkness"_TO_1575520329000,1
"HeartofDarkness"_The_1575520316298,1
"HeartofDarkness"_The_1575520318898,1
"HeartofDarkness"_The_1575520319594,1
"HeartofDarkness"_The_1575520325327,1
"HeartofDarkness"_The_1575520329624,1
"HeartofDarkness"_The_1575520331038,1
"HeartofDarkness"_The_1575520333408,1
"HeartofDarkness"_The_1575520333801,1
"HeartofDarkness"_The_1575520334994,1
"HeartofDarkness"_Thus_1575520337332,1
"HeartofDarkness"_ToSEND_1575520335508,1
"HeartofDarkness"_To_1575520332856,1
"HeartofDarkness"_To_1575520336602,1
"HeartofDarkness"_UNDER_1575520328953,1
"HeartofDarkness"_UT_1575520334085,1
"HeartofDarkness"_U_1575520333729,1
"HeartofDarkness"_U_1575520336282,1
"HeartofDarkness"_U_1575520337266,1
"HeartofDarkness"_UnitedStates_1575520335150,1
"HeartofDarkness"_United_1575520336265,1
"HeartofDarkness"_Upon_1575520319663,1
"HeartofDarkness"_Vanilla_1575520324044,1
"HeartofDarkness"_Vanilla_1575520324480,1
"HeartofDarkness"_Volunteers_1575520332398,1
"HeartofDarkness"_WARRANTY_1575520328298,1
"HeartofDarkness"_WARRANTY_1575520328789,1
"HeartofDarkness"_WILL_1575520328977,1
"HeartofDarkness"_WITH_1575520330413,1
"HeartofDarkness"_We_1575520319205,1
"HeartofDarkness"_We_1575520319553,1
"HeartofDarkness"_We_1575520319796,1
"HeartofDarkness"_We_1575520335370,1
"HeartofDarkness"_Web_1575520336395,1
"HeartofDarkness"_Web_1575520337483,1
"HeartofDarkness"_Web_1575520337586,1
"HeartofDarkness"_West_1575520334052,1
"HeartofDarkness"_Why_1575520318486,1
"HeartofDarkness"_Without_1575520320077,1
"HeartofDarkness"_YOU_1575520328698,1
"HeartofDarkness"_YOU_1575520328720,1
"HeartofDarkness"_YOU_1575520328868,1
"HeartofDarkness"_YOU_1575520329007,1
"HeartofDarkness"_YOU_1575520329095,1
"HeartofDarkness"_You_1575520316635,1
"HeartofDarkness"_You_1575520318544,1
"HeartofDarkness"_You_1575520318787,1
"HeartofDarkness"_You_1575520323598,1
"HeartofDarkness"_You_1575520324916,1
"HeartofDarkness"_You_1575520325071,1
"HeartofDarkness"_You_1575520326095,1
"HeartofDarkness"_You_1575520326404,1
"HeartofDarkness"_You_1575520326688,1
"HeartofDarkness"_You_1575520327025,1
"HeartofDarkness"_You_1575520331172,1
"HeartofDarkness"_a_1575520319638,1
"HeartofDarkness"_a_1575520319752,1
"HeartofDarkness"_a_1575520323154,1
"HeartofDarkness"_a_1575520323887,1
"HeartofDarkness"_a_1575520324004,1
"HeartofDarkness"_a_1575520324310,1
"HeartofDarkness"_a_1575520324337,1
"HeartofDarkness"_a_1575520324363,1
"HeartofDarkness"_a_1575520324395,1
"HeartofDarkness"_a_1575520324675,1
"HeartofDarkness"_a_1575520324939,1
"HeartofDarkness"_a_1575520325088,1
"HeartofDarkness"_a_1575520326110,1
"HeartofDarkness"_a_1575520326168,1
"HeartofDarkness"_a_1575520326439,1
"HeartofDarkness"_a_1575520326543,1
"HeartofDarkness"_a_1575520326746,1
"HeartofDarkness"_a_1575520326808,1
"HeartofDarkness"_a_1575520326831,1
"HeartofDarkness"_a_1575520326862,1
"HeartofDarkness"_a_1575520327203,1
"HeartofDarkness"_a_1575520327235,1
"HeartofDarkness"_a_1575520328071,1
"HeartofDarkness"_a_1575520328117,1
"HeartofDarkness"_a_1575520328552,1
"HeartofDarkness"_a_1575520329325,1
"HeartofDarkness"_a_1575520329541,1
"HeartofDarkness"_a_1575520329793,1
"HeartofDarkness"_a_1575520329999,1
"HeartofDarkness"_a_1575520330078,1
"HeartofDarkness"_a_1575520330164,1
"HeartofDarkness"_a_1575520331746,1
"HeartofDarkness"_a_1575520332764,1
"HeartofDarkness"_a_1575520333219,1
"HeartofDarkness"_a_1575520336496,1
"HeartofDarkness"_a_1575520336845,1
"HeartofDarkness"_a_1575520337048,1
"HeartofDarkness"_a_1575520337291,1
"HeartofDarkness"_about_1575520326029,1
"HeartofDarkness"_about_1575520331992,1
"HeartofDarkness"_about_1575520332881,1
"HeartofDarkness"_about_1575520333124,1
"HeartofDarkness"_about_1575520334431,1
"HeartofDarkness"_about_1575520337619,1
"HeartofDarkness"_about_1575520337867,1
"HeartofDarkness"_accepted_1575520336145,1
"HeartofDarkness"_accepted_1575520336479,1
"HeartofDarkness"_accepting_1575520335815,1
"HeartofDarkness"_access_1575520323514,1
"HeartofDarkness"_access_1575520323846,1
"HeartofDarkness"_access_1575520324699,1
"HeartofDarkness"_access_1575520326618,1
"HeartofDarkness"_accessible_1575520334786,1
"HeartofDarkness"_accordance_1575520326713,1
"HeartofDarkness"_accordancewith_1575520331379,1
"HeartofDarkness"_acomputer_1575520328180,1
"HeartofDarkness"_aconsiderable_1575520335248,1
"HeartofDarkness"_acopy_1575520324301,1
"HeartofDarkness"_action_1575520319499,1
"HeartofDarkness"_additional_1575520324234,1
"HeartofDarkness"_additional_1575520334304,1
"HeartofDarkness"_additionalterms_1575520322687,1
"HeartofDarkness"_additions_1575520331852,1
"HeartofDarkness"_address_1575520325992,1
"HeartofDarkness"_addresses_1575520336451,1
"HeartofDarkness"_adefect_1575520329232,1
"HeartofDarkness"_aftera_1575520320200,1
"HeartofDarkness"_aged_1575520332225,1
"HeartofDarkness"_agent_1575520331260,1
"HeartofDarkness"_agree_1575520326320,1
"HeartofDarkness"_agree_1575520331181,1
"HeartofDarkness"_agreed_1575520325488,1
"HeartofDarkness"_agreement_1575520327087,1
"HeartofDarkness"_agreement_1575520327365,1
"HeartofDarkness"_agreement_1575520328605,1
"HeartofDarkness"_agreement_1575520330830,1
"HeartofDarkness"_agreement_1575520330902,1
"HeartofDarkness"_agreement_1575520330917,1
"HeartofDarkness"_agreement_1575520331103,1
"HeartofDarkness"_agreement_1575520331394,1
"HeartofDarkness"_all_1575520319219,1
"HeartofDarkness"_all_1575520319835,1
"HeartofDarkness"_all_1575520320174,1
"HeartofDarkness"_all_1575520322837,1
"HeartofDarkness"_all_1575520326487,1
"HeartofDarkness"_all_1575520326580,1
"HeartofDarkness"_all_1575520326612,1
"HeartofDarkness"_all_1575520327048,1
"HeartofDarkness"_all_1575520331548,1
"HeartofDarkness"_all_1575520332364,1
"HeartofDarkness"_all_1575520335116,1
"HeartofDarkness"_all_1575520337183,1
"HeartofDarkness"_allliability_1575520328620,1
"HeartofDarkness"_allow_1575520330646,1
"HeartofDarkness"_alone_1575520336308,1
"HeartofDarkness"_already_1575520325268,1
"HeartofDarkness"_also_1575520330123,1
"HeartofDarkness"_alteration_1575520331828,1
"HeartofDarkness"_alternate_1575520324535,1
"HeartofDarkness"_and_1575520316601,1
"HeartofDarkness"_and_1575520319904,1
"HeartofDarkness"_and_1575520322581,1
"HeartofDarkness"_and_1575520322671,1
"HeartofDarkness"_and_1575520323630,1
"HeartofDarkness"_and_1575520325853,1
"HeartofDarkness"_and_1575520326565,1
"HeartofDarkness"_and_1575520326603,1
"HeartofDarkness"_and_1575520326929,1
"HeartofDarkness"_and_1575520327482,1
"HeartofDarkness"_and_1575520327662,1
"HeartofDarkness"_and_1575520327745,1
"HeartofDarkness"_and_1575520327875,1
"HeartofDarkness"_and_1575520328515,1
"HeartofDarkness"_and_1575520328667,1
"HeartofDarkness"_and_1575520331204,1
"HeartofDarkness"_and_1575520331402,1
"HeartofDarkness"_and_1575520331469,1
"HeartofDarkness"_and_1575520331571,1
"HeartofDarkness"_and_1575520331920,1
"HeartofDarkness"_and_1575520332233,1
"HeartofDarkness"_and_1575520332331,1
"HeartofDarkness"_and_1575520332405,1
"HeartofDarkness"_and_1575520332561,1
"HeartofDarkness"_and_1575520332832,1
"HeartofDarkness"_and_1575520332968,1
"HeartofDarkness"_and_1575520333017,1
"HeartofDarkness"_and_1575520333026,1
"HeartofDarkness"_and_1575520333333,1
"HeartofDarkness"_and_1575520333762,1
"HeartofDarkness"_and_1575520333945,1
"HeartofDarkness"_and_1575520334142,1
"HeartofDarkness"_and_1575520334253,1
"HeartofDarkness"_and_1575520334379,1
"HeartofDarkness"_and_1575520334530,1
"HeartofDarkness"_and_1575520334586,1
"HeartofDarkness"_and_1575520334696,1
"HeartofDarkness"_and_1575520335082,1
"HeartofDarkness"_and_1575520335221,1
"HeartofDarkness"_and_1575520335284,1
"HeartofDarkness"_and_1575520335328,1
"HeartofDarkness"_and_1575520335652,1
"HeartofDarkness"_and_1575520336444,1
"HeartofDarkness"_and_1575520336567,1
"HeartofDarkness"_and_1575520336989,1
"HeartofDarkness"_and_1575520337794,1
"HeartofDarkness"_anyProject_1575520331887,1
"HeartofDarkness"_any_1575520322680,1
"HeartofDarkness"_any_1575520323131,1
"HeartofDarkness"_any_1575520323196,1
"HeartofDarkness"_any_1575520323354,1
"HeartofDarkness"_any_1575520323670,1
"HeartofDarkness"_any_1575520324764,1
"HeartofDarkness"_any_1575520326138,1
"HeartofDarkness"_any_1575520326779,1
"HeartofDarkness"_any_1575520328521,1
"HeartofDarkness"_any_1575520329369,1
"HeartofDarkness"_any_1575520330767,1
"HeartofDarkness"_any_1575520331251,1
"HeartofDarkness"_any_1575520331411,1
"HeartofDarkness"_any_1575520331664,1
"HeartofDarkness"_any_1575520331784,1
"HeartofDarkness"_any_1575520331943,1
"HeartofDarkness"_any_1575520337404,1
"HeartofDarkness"_anyone_1575520316551,1
"HeartofDarkness"_anyone_1575520336935,1
"HeartofDarkness"_anyoneproviding_1575520331308,1
"HeartofDarkness"_anyparticular_1575520335584,1
"HeartofDarkness"_anyprovision_1575520331079,1
"HeartofDarkness"_anywhere_1575520316564,1
"HeartofDarkness"_anyword_1575520323766,1
"HeartofDarkness"_applicable_1575520325310,1
"HeartofDarkness"_applicable_1575520330878,1
"HeartofDarkness"_applicable_1575520331015,1
"HeartofDarkness"_are_1575520318550,1
"HeartofDarkness"_are_1575520318832,1
"HeartofDarkness"_are_1575520325721,1
"HeartofDarkness"_are_1575520327334,1
"HeartofDarkness"_are_1575520332494,1
"HeartofDarkness"_are_1575520333665,1
"HeartofDarkness"_are_1575520333961,1
"HeartofDarkness"_are_1575520334902,1
"HeartofDarkness"_are_1575520335177,1
"HeartofDarkness"_are_1575520336129,1
"HeartofDarkness"_are_1575520336469,1
"HeartofDarkness"_are_1575520337133,1
"HeartofDarkness"_are_1575520337208,1
"HeartofDarkness"_arefund_1575520329838,1
"HeartofDarkness"_arise_1575520331621,1
"HeartofDarkness"_armand_1575520319044,1
"HeartofDarkness"_as_1575520324601,1
"HeartofDarkness"_as_1575520325837,1
"HeartofDarkness"_as_1575520327575,1
"HeartofDarkness"_as_1575520327983,1
"HeartofDarkness"_as_1575520337225,1
"HeartofDarkness"_aside_1575520319064,1
"HeartofDarkness"_associated_1575520323218,1
"HeartofDarkness"_associated_1575520331426,1
"HeartofDarkness"_asyou_1575520318620,1
"HeartofDarkness"_at_1575520316575,1
"HeartofDarkness"_at_1575520316828,1
"HeartofDarkness"_at_1575520319828,1
"HeartofDarkness"_at_1575520319997,1
"HeartofDarkness"_at_1575520320163,1
"HeartofDarkness"_at_1575520322937,1
"HeartofDarkness"_at_1575520324219,1
"HeartofDarkness"_at_1575520325978,1
"HeartofDarkness"_at_1575520333066,1
"HeartofDarkness"_at_1575520333864,1
"HeartofDarkness"_at_1575520334035,1
"HeartofDarkness"_at_1575520334204,1
"HeartofDarkness"_at_1575520334270,1
"HeartofDarkness"_at_1575520337465,1
"HeartofDarkness"_athttp_1575520333580,1
"HeartofDarkness"_available_1575520332643,1
"HeartofDarkness"_away_1575520316711,1
"HeartofDarkness"_awritten_1575520329425,1
"HeartofDarkness"_b_1575520331818,1
"HeartofDarkness"_be_1575520318774,1
"HeartofDarkness"_be_1575520319183,1
"HeartofDarkness"_be_1575520319568,1
"HeartofDarkness"_be_1575520322776,1
"HeartofDarkness"_be_1575520325631,1
"HeartofDarkness"_be_1575520325816,1
"HeartofDarkness"_be_1575520327935,1
"HeartofDarkness"_be_1575520328251,1
"HeartofDarkness"_be_1575520334188,1
"HeartofDarkness"_be_1575520336909,1
"HeartofDarkness"_befreely_1575520334736,1
"HeartofDarkness"_beginning_1575520322954,1
"HeartofDarkness"_behind_1575520318354,1
"HeartofDarkness"_beinterpreted_1575520330936,1
"HeartofDarkness"_believe_1575520318648,1
"HeartofDarkness"_below_1575520327615,1
"HeartofDarkness"_binary_1575520323679,1
"HeartofDarkness"_both_1575520322632,1
"HeartofDarkness"_business_1575520334002,1
"HeartofDarkness"_but_1575520319162,1
"HeartofDarkness"_but_1575520319858,1
"HeartofDarkness"_but_1575520325464,1
"HeartofDarkness"_but_1575520327991,1
"HeartofDarkness"_but_1575520333915,1
"HeartofDarkness"_but_1575520336152,1
"HeartofDarkness"_by_1575520316413,1
"HeartofDarkness"_by_1575520322702,1
"HeartofDarkness"_by_1575520326162,1
"HeartofDarkness"_by_1575520326230,1
"HeartofDarkness"_by_1575520329411,1
"HeartofDarkness"_by_1575520332152,1
"HeartofDarkness"_by_1575520333376,1
"HeartofDarkness"_by_1575520333719,1
"HeartofDarkness"_by_1575520334796,1
"HeartofDarkness"_bythe_1575520331008,1
"HeartofDarkness"_byyour_1575520328266,1
"HeartofDarkness"_c_1575520331934,1
"HeartofDarkness"_c_1575520333245,1
"HeartofDarkness"_c_1575520333495,1
"HeartofDarkness"_calculate_1575520325294,1
"HeartofDarkness"_calculated_1575520325230,1
"HeartofDarkness"_call_1575520320035,1
"HeartofDarkness"_came_1575520318911,1
"HeartofDarkness"_can_1575520318767,1
"HeartofDarkness"_can_1575520332984,1
"HeartofDarkness"_can_1575520334181,1
"HeartofDarkness"_can_1575520334729,1
"HeartofDarkness"_cannot_1575520328244,1
"HeartofDarkness"_cannot_1575520334537,1
"HeartofDarkness"_cannot_1575520335645,1
"HeartofDarkness"_cannot_1575520336170,1
"HeartofDarkness"_canreceive_1575520329316,1
"HeartofDarkness"_card_1575520336584,1
"HeartofDarkness"_carry_1575520318683,1
"HeartofDarkness"_carry_1575520334611,1
"HeartofDarkness"_cause_1575520331720,1
"HeartofDarkness"_cause_1575520331967,1
"HeartofDarkness"_cautious_1575520319577,1
"HeartofDarkness"_cautiously_1575520319515,1
"HeartofDarkness"_certain_1575520330668,1
"HeartofDarkness"_certain_1575520330729,1
"HeartofDarkness"_charge_1575520324667,1
"HeartofDarkness"_charge_1575520324932,1
"HeartofDarkness"_charge_1575520327197,1
"HeartofDarkness"_charitable_1575520335089,1
"HeartofDarkness"_check_1575520336359,1
"HeartofDarkness"_checks_1575520336540,1
"HeartofDarkness"_choose_1575520329968,1
"HeartofDarkness"_clearly_1575520325822,1
"HeartofDarkness"_closed_1575520319609,1
"HeartofDarkness"_codes_1575520328212,1
"HeartofDarkness"_collection_1575520332618,1
"HeartofDarkness"_come_1575520332675,1
"HeartofDarkness"_committed_1575520335020,1
"HeartofDarkness"_compliance_1575520335498,1
"HeartofDarkness"_compliance_1575520335567,1
"HeartofDarkness"_compliance_1575520337388,1
"HeartofDarkness"_comply_1575520322603,1
"HeartofDarkness"_comply_1575520324812,1
"HeartofDarkness"_comply_1575520327032,1
"HeartofDarkness"_complying_1575520335037,1
"HeartofDarkness"_compressed_1575520323686,1
"HeartofDarkness"_computer_1575520328203,1
"HeartofDarkness"_computers_1575520332249,1
"HeartofDarkness"_computersincluding_1575520332194,1
"HeartofDarkness"_concerning_1575520336196,1
"HeartofDarkness"_confirmation_1575520335480,1
"HeartofDarkness"_confirmed_1575520337216,1
"HeartofDarkness"_considerableeffort_1575520327685,1
"HeartofDarkness"_considered_1575520319133,1
"HeartofDarkness"_consistently_1575520319192,1
"HeartofDarkness"_contact_1575520334127,1
"HeartofDarkness"_contact_1575520334313,1
"HeartofDarkness"_contactinformation_1575520334172,1
"HeartofDarkness"_contain_1575520327960,1
"HeartofDarkness"_containing_1575520323147,1
"HeartofDarkness"_contributions_1575520335687,1
"HeartofDarkness"_convert_1575520323614,1
"HeartofDarkness"_copies_1575520323870,1
"HeartofDarkness"_copies_1575520324975,1
"HeartofDarkness"_copies_1575520326496,1
"HeartofDarkness"_copies_1575520326645,1
"HeartofDarkness"_copies_1575520331315,1
"HeartofDarkness"_copy_1575520316650,1
"HeartofDarkness"_copy_1575520323281,1
"HeartofDarkness"_copy_1575520324346,1
"HeartofDarkness"_copy_1575520324401,1
"HeartofDarkness"_copy_1575520326846,1
"HeartofDarkness"_copy_1575520329809,1
"HeartofDarkness"_copying_1575520324738,1
"HeartofDarkness"_copyis_1575520330116,1
"HeartofDarkness"_copyright_1575520322538,1
"HeartofDarkness"_copyright_1575520322718,1
"HeartofDarkness"_copyright_1575520322914,1
"HeartofDarkness"_copyright_1575520327715,1
"HeartofDarkness"_copyright_1575520328080,1
"HeartofDarkness"_copyright_1575520337299,1
"HeartofDarkness"_corporation_1575520333261,1
"HeartofDarkness"_cost_1575520316595,1
"HeartofDarkness"_cost_1575520324243,1
"HeartofDarkness"_costs_1575520328660,1
"HeartofDarkness"_costs_1575520331565,1
"HeartofDarkness"_could_1575520319234,1
"HeartofDarkness"_could_1575520336900,1
"HeartofDarkness"_created_1575520332739,1
"HeartofDarkness"_created_1575520337150,1
"HeartofDarkness"_creating_1575520327784,1
"HeartofDarkness"_credit_1575520336577,1
"HeartofDarkness"_critical_1575520332501,1
"HeartofDarkness"_current_1575520336420,1
"HeartofDarkness"_curtain_1575520318376,1
"HeartofDarkness"_damage_1575520328229,1
"HeartofDarkness"_damaged_1575520328142,1
"HeartofDarkness"_damages_1575520328651,1
"HeartofDarkness"_damages_1575520330751,1
"HeartofDarkness"_data_1575520328047,1
"HeartofDarkness"_date_1575520325678,1
"HeartofDarkness"_date_1575520334166,1
"HeartofDarkness"_days_1575520325654,1
"HeartofDarkness"_days_1575520326261,1
"HeartofDarkness"_days_1575520326974,1
"HeartofDarkness"_days_1575520329279,1
"HeartofDarkness"_deductible_1575520333681,1
"HeartofDarkness"_deep_1575520318332,1
"HeartofDarkness"_defect_1575520326868,1
"HeartofDarkness"_defective_1575520328126,1
"HeartofDarkness"_defective_1575520329686,1
"HeartofDarkness"_defective_1575520330131,1
"HeartofDarkness"_deletions_1575520331869,1
"HeartofDarkness"_demand_1575520330156,1
"HeartofDarkness"_deny_1575520319730,1
"HeartofDarkness"_depends_1575520334513,1
"HeartofDarkness"_derive_1575520325160,1
"HeartofDarkness"_described_1575520328386,1
"HeartofDarkness"_destroy_1575520326480,1
"HeartofDarkness"_detach_1575520323028,1
"HeartofDarkness"_determine_1575520335533,1
"HeartofDarkness"_did_1575520318981,1
"HeartofDarkness"_didnot_1575520319416,1
"HeartofDarkness"_different_1575520327312,1
"HeartofDarkness"_directly_1575520331630,1
"HeartofDarkness"_disclaim_1575520328614,1
"HeartofDarkness"_disclaimer_1575520330776,1
"HeartofDarkness"_disclaimer_1575520330977,1
"HeartofDarkness"_disclaimers_1575520330653,1
"HeartofDarkness"_discontinue_1575520326572,1
"HeartofDarkness"_discover_1575520329226,1
"HeartofDarkness"_discovered_1575520326920,1
"HeartofDarkness"_disguising_1575520319307,1
"HeartofDarkness"_disk_1575520328149,1
"HeartofDarkness"_display_1575520323288,1
"HeartofDarkness"_displaying_1575520323410,1
"HeartofDarkness"_displaying_1575520324722,1
"HeartofDarkness"_distribute_1575520323305,1
"HeartofDarkness"_distribute_1575520323637,1
"HeartofDarkness"_distribute_1575520327228,1
"HeartofDarkness"_distributed_1575520334746,1
"HeartofDarkness"_distributed_1575520336998,1
"HeartofDarkness"_distributing_1575520324755,1
"HeartofDarkness"_distributing_1575520325018,1
"HeartofDarkness"_distributing_1575520328545,1
"HeartofDarkness"_distribution_1575520327112,1
"HeartofDarkness"_distribution_1575520331479,1
"HeartofDarkness"_distribution_1575520331752,1
"HeartofDarkness"_distribution_1575520332104,1
"HeartofDarkness"_distributionmust_1575520322595,1
"HeartofDarkness"_districtis_1575520319601,1
"HeartofDarkness"_do_1575520327708,1
"HeartofDarkness"_do_1575520330631,1
"HeartofDarkness"_do_1575520335379,1
"HeartofDarkness"_do_1575520335662,1
"HeartofDarkness"_do_1575520337349,1
"HeartofDarkness"_does_1575520326305,1
"HeartofDarkness"_domain_1575520327761,1
"HeartofDarkness"_domain_1575520334687,1
"HeartofDarkness"_don_1575520319715,1
"HeartofDarkness"_donateSection_1575520336666,1
"HeartofDarkness"_donate_1575520325504,1
"HeartofDarkness"_donate_1575520336103,1
"HeartofDarkness"_donate_1575520336613,1
"HeartofDarkness"_donationmethods_1575520336434,1
"HeartofDarkness"_donations_1575520326035,1
"HeartofDarkness"_donations_1575520332339,1
"HeartofDarkness"_donations_1575520332977,1
"HeartofDarkness"_donations_1575520334595,1
"HeartofDarkness"_donations_1575520334880,1
"HeartofDarkness"_donations_1575520335098,1
"HeartofDarkness"_donations_1575520335404,1
"HeartofDarkness"_donations_1575520335832,1
"HeartofDarkness"_donations_1575520336119,1
"HeartofDarkness"_donations_1575520336230,1
"HeartofDarkness"_donations_1575520336595,1
"HeartofDarkness"_donations_1575520337683,1
"HeartofDarkness"_done_1575520318781,1
"HeartofDarkness"_done_1575520319349,1
"HeartofDarkness"_donors_1575520335850,1
"HeartofDarkness"_door_1575520331713,1
"HeartofDarkness"_doubt_1575520320090,1
"HeartofDarkness"_eBook_1575520316453,1
"HeartofDarkness"_eBook_1575520316804,1
"HeartofDarkness"_eBooks_1575520337022,1
"HeartofDarkness"_eBooks_1575520337126,1
"HeartofDarkness"_eBooks_1575520337372,1
"HeartofDarkness"_eBooks_1575520337785,1
"HeartofDarkness"_eBooks_1575520337884,1
"HeartofDarkness"_e_1575520326236,1
"HeartofDarkness"_each_1575520325669,1
"HeartofDarkness"_edition_1575520337432,1
"HeartofDarkness"_educational_1575520333252,1
"HeartofDarkness"_effort_1575520335256,1
"HeartofDarkness"_efforts_1575520327837,1
"HeartofDarkness"_efforts_1575520332291,1
"HeartofDarkness"_efforts_1575520332961,1
"HeartofDarkness"_elect_1575520329711,1
"HeartofDarkness"_electronic_1575520322455,1
"HeartofDarkness"_electronic_1575520323385,1
"HeartofDarkness"_electronic_1575520325049,1
"HeartofDarkness"_electronic_1575520326897,1
"HeartofDarkness"_electronic_1575520328577,1
"HeartofDarkness"_electronic_1575520329254,1
"HeartofDarkness"_electronic_1575520331354,1
"HeartofDarkness"_electronic_1575520331515,1
"HeartofDarkness"_electronic_1575520336871,1
"HeartofDarkness"_electronically_1575520329886,1
"HeartofDarkness"_electronically_1575520330047,1
"HeartofDarkness"_electronicworks_1575520327868,1
"HeartofDarkness"_electronicworks_1575520336726,1
"HeartofDarkness"_email_1575520337832,1
"HeartofDarkness"_emailbusiness_1575520334094,1
"HeartofDarkness"_employee_1575520331277,1
"HeartofDarkness"_employees_1575520327669,1
"HeartofDarkness"_employees_1575520333952,1
"HeartofDarkness"_ensuring_1575520332568,1
"HeartofDarkness"_entity_1575520329648,1
"HeartofDarkness"_entityproviding_1575520329922,1
"HeartofDarkness"_equipment_1575520328276,1
"HeartofDarkness"_equipment_1575520334828,1
"HeartofDarkness"_equipment_1575520334854,1
"HeartofDarkness"_errors_1575520328063,1
"HeartofDarkness"_events_1575520319849,1
"HeartofDarkness"_exclusion_1575520330698,1
"HeartofDarkness"_exempt_1575520333359,1
"HeartofDarkness"_exemptstatus_1575520334960,1
"HeartofDarkness"_existsbecause_1575520332266,1
"HeartofDarkness"_expend_1575520327678,1
"HeartofDarkness"_expense_1575520324264,1
"HeartofDarkness"_expenses_1575520328676,1
"HeartofDarkness"_expenses_1575520331581,1
"HeartofDarkness"_explanation_1575520329435,1
"HeartofDarkness"_explanation_1575520329617,1
"HeartofDarkness"_exporting_1575520324331,1
"HeartofDarkness"_extentpermitted_1575520333712,1
"HeartofDarkness"_exulted_1575520320315,1
"HeartofDarkness"_facility_1575520337547,1
"HeartofDarkness"_federal_1575520333452,1
"HeartofDarkness"_federal_1575520333745,1
"HeartofDarkness"_fee_1575520324249,1
"HeartofDarkness"_fee_1575520324683,1
"HeartofDarkness"_fee_1575520324961,1
"HeartofDarkness"_fee_1575520325103,1
"HeartofDarkness"_fee_1575520325334,1
"HeartofDarkness"_fee_1575520327212,1
"HeartofDarkness"_fees_1575520331604,1
"HeartofDarkness"_fees_1575520335301,1
"HeartofDarkness"_files_1575520323137,1
"HeartofDarkness"_financial_1575520332414,1
"HeartofDarkness"_fix_1575520330218,1
"HeartofDarkness"_following_1575520325662,1
"HeartofDarkness"_following_1575520331687,1
"HeartofDarkness"_for_1575520316496,1
"HeartofDarkness"_for_1575520319244,1
"HeartofDarkness"_for_1575520319483,1
"HeartofDarkness"_for_1575520319631,1
"HeartofDarkness"_for_1575520322830,1
"HeartofDarkness"_for_1575520324691,1
"HeartofDarkness"_for_1575520324967,1
"HeartofDarkness"_for_1575520326800,1
"HeartofDarkness"_for_1575520327096,1
"HeartofDarkness"_for_1575520328338,1
"HeartofDarkness"_for_1575520328645,1
"HeartofDarkness"_for_1575520329394,1
"HeartofDarkness"_for_1575520330259,1
"HeartofDarkness"_for_1575520332650,1
"HeartofDarkness"_for_1575520332796,1
"HeartofDarkness"_for_1575520335576,1
"HeartofDarkness"_for_1575520336413,1
"HeartofDarkness"_form_1575520323748,1
"HeartofDarkness"_form_1575520323804,1
"HeartofDarkness"_form_1575520334779,1
"HeartofDarkness"_format_1575520324013,1
"HeartofDarkness"_format_1575520324073,1
"HeartofDarkness"_format_1575520324543,1
"HeartofDarkness"_formats_1575520332136,1
"HeartofDarkness"_forth_1575520323448,1
"HeartofDarkness"_forth_1575520327594,1
"HeartofDarkness"_forth_1575520330805,1
"HeartofDarkness"_forthin_1575520330328,1
"HeartofDarkness"_found_1575520322931,1
"HeartofDarkness"_found_1575520334197,1
"HeartofDarkness"_free_1575520327103,1
"HeartofDarkness"_free_1575520332097,1
"HeartofDarkness"_freely_1575520332634,1
"HeartofDarkness"_freely_1575520336917,1
"HeartofDarkness"_from_1575520323098,1
"HeartofDarkness"_from_1575520325167,1
"HeartofDarkness"_from_1575520329496,1
"HeartofDarkness"_from_1575520331540,1
"HeartofDarkness"_from_1575520331654,1
"HeartofDarkness"_from_1575520335696,1
"HeartofDarkness"_from_1575520335841,1
"HeartofDarkness"_from_1575520337158,1
"HeartofDarkness"_fromboth_1575520327420,1
"HeartofDarkness"_fromoutside_1575520336247,1
"HeartofDarkness"_frompeople_1575520332348,1
"HeartofDarkness"_full_1575520323057,1
"HeartofDarkness"_full_1575520323536,1
"HeartofDarkness"_full_1575520324571,1
"HeartofDarkness"_full_1575520326116,1
"HeartofDarkness"_full_1575520326365,1
"HeartofDarkness"_full_1575520326753,1
"HeartofDarkness"_full_1575520333703,1
"HeartofDarkness"_fundraising_1575520333602,1
"HeartofDarkness"_furtheropportunities_1575520330202,1
"HeartofDarkness"_future_1575520332787,1
"HeartofDarkness"_future_1575520332841,1
"HeartofDarkness"_gbnewby_1575520334395,1
"HeartofDarkness"_generations_1575520332659,1
"HeartofDarkness"_generations_1575520332848,1
"HeartofDarkness"_give_1575520316697,1
"HeartofDarkness"_give_1575520329984,1
"HeartofDarkness"_good_1575520319380,1
"HeartofDarkness"_granted_1575520333343,1
"HeartofDarkness"_gratefully_1575520336136,1
"HeartofDarkness"_gross_1575520325136,1
"HeartofDarkness"_group_1575520327282,1
"HeartofDarkness"_gutenberg_1575520316845,1
"HeartofDarkness"_gutenberg_1575520324187,1
"HeartofDarkness"_gutenberg_1575520337570,1
"HeartofDarkness"_had_1575520318515,1
"HeartofDarkness"_harm_1575520319365,1
"HeartofDarkness"_harmless_1575520331532,1
"HeartofDarkness"_has_1575520319336,1
"HeartofDarkness"_has_1575520325480,1
"HeartofDarkness"_has_1575520337509,1
"HeartofDarkness"_have_1575520335446,1
"HeartofDarkness"_havedone_1575520319214,1
"HeartofDarkness"_haven_1575520319257,1
"HeartofDarkness"_he_1575520319113,1
"HeartofDarkness"_he_1575520320233,1
"HeartofDarkness"_he_1575520325470,1
"HeartofDarkness"_he_1575520326299,1
"HeartofDarkness"_he_1575520336972,1
"HeartofDarkness"_hear_1575520337860,1
"HeartofDarkness"_heexclaimed_1575520320101,1
"HeartofDarkness"_help_1575520332994,1
"HeartofDarkness"_help_1575520337753,1
"HeartofDarkness"_him_1575520319250,1
"HeartofDarkness"_hold_1575520331212,1
"HeartofDarkness"_holder_1575520322549,1
"HeartofDarkness"_holder_1575520322729,1
"HeartofDarkness"_holder_1575520322921,1
"HeartofDarkness"_honour_1575520319001,1
"HeartofDarkness"_hotly_1575520320112,1
"HeartofDarkness"_how_1575520319874,1
"HeartofDarkness"_how_1575520332944,1
"HeartofDarkness"_how_1575520337661,1
"HeartofDarkness"_how_1575520337737,1
"HeartofDarkness"_how_1575520337801,1
"HeartofDarkness"_http_1575520333075,1
"HeartofDarkness"_http_1575520334279,1
"HeartofDarkness"_http_1575520335610,1
"HeartofDarkness"_http_1575520336638,1
"HeartofDarkness"_http_1575520337554,1
"HeartofDarkness"_hundreds_1575520332307,1
"HeartofDarkness"_hypertext_1575520323797,1
"HeartofDarkness"_ideas_1575520318697,1
"HeartofDarkness"_identificationnumber_1575520333468,1
"HeartofDarkness"_identify_1575520327700,1
"HeartofDarkness"_if_1575520323821,1
"HeartofDarkness"_if_1575520326853,1
"HeartofDarkness"_if_1575520329363,1
"HeartofDarkness"_immediate_1575520323504,1
"HeartofDarkness"_impliedwarranties_1575520330677,1
"HeartofDarkness"_important_1575520334919,1
"HeartofDarkness"_imposed_1575520322696,1
"HeartofDarkness"_in_1575520323454,1
"HeartofDarkness"_in_1575520323663,1
"HeartofDarkness"_in_1575520323997,1
"HeartofDarkness"_in_1575520324087,1
"HeartofDarkness"_in_1575520324442,1
"HeartofDarkness"_in_1575520324617,1
"HeartofDarkness"_in_1575520326005,1
"HeartofDarkness"_in_1575520326206,1
"HeartofDarkness"_in_1575520326534,1
"HeartofDarkness"_in_1575520326704,1
"HeartofDarkness"_in_1575520326877,1
"HeartofDarkness"_in_1575520327349,1
"HeartofDarkness"_in_1575520327404,1
"HeartofDarkness"_in_1575520327600,1
"HeartofDarkness"_in_1575520327777,1
"HeartofDarkness"_in_1575520328396,1
"HeartofDarkness"_in_1575520329239,1
"HeartofDarkness"_in_1575520329816,1
"HeartofDarkness"_in_1575520330054,1
"HeartofDarkness"_in_1575520330179,1
"HeartofDarkness"_in_1575520330814,1
"HeartofDarkness"_in_1575520331370,1
"HeartofDarkness"_in_1575520332129,1
"HeartofDarkness"_in_1575520332355,1
"HeartofDarkness"_in_1575520334753,1
"HeartofDarkness"_in_1575520335106,1
"HeartofDarkness"_in_1575520335414,1
"HeartofDarkness"_in_1575520335860,1
"HeartofDarkness"_in_1575520336486,1
"HeartofDarkness"_in_1575520337249,1
"HeartofDarkness"_in_1575520337381,1
"HeartofDarkness"_inaccurate_1575520328031,1
"HeartofDarkness"_include_1575520324557,1
"HeartofDarkness"_included_1575520337323,1
"HeartofDarkness"_includedwith_1575520316792,1
"HeartofDarkness"_includes_1575520337602,1
"HeartofDarkness"_including_1575520323756,1
"HeartofDarkness"_including_1575520328683,1
"HeartofDarkness"_including_1575520331588,1
"HeartofDarkness"_including_1575520334836,1
"HeartofDarkness"_including_1575520336531,1
"HeartofDarkness"_including_1575520337651,1
"HeartofDarkness"_incomplete_1575520328022,1
"HeartofDarkness"_indemnify_1575520331197,1
"HeartofDarkness"_indirectly_1575520331647,1
"HeartofDarkness"_information_1575520334321,1
"HeartofDarkness"_information_1575520337612,1
"HeartofDarkness"_infringement_1575520328111,1
"HeartofDarkness"_intellectualproperty_1575520328102,1
"HeartofDarkness"_interfering_1575520318839,1
"HeartofDarkness"_interrupting_1575520318558,1
"HeartofDarkness"_invalidity_1575520331047,1
"HeartofDarkness"_is_1575520316482,1
"HeartofDarkness"_is_1575520319078,1
"HeartofDarkness"_is_1575520319293,1
"HeartofDarkness"_is_1575520319745,1
"HeartofDarkness"_is_1575520319897,1
"HeartofDarkness"_is_1575520319945,1
"HeartofDarkness"_is_1575520322475,1
"HeartofDarkness"_is_1575520325343,1
"HeartofDarkness"_is_1575520326914,1
"HeartofDarkness"_is_1575520330367,1
"HeartofDarkness"_is_1575520332065,1
"HeartofDarkness"_is_1575520333212,1
"HeartofDarkness"_is_1575520333478,1
"HeartofDarkness"_is_1575520333564,1
"HeartofDarkness"_is_1575520333848,1
"HeartofDarkness"_is_1575520334018,1
"HeartofDarkness"_is_1575520335011,1
"HeartofDarkness"_is_1575520336768,1
"HeartofDarkness"_is_1575520337315,1
"HeartofDarkness"_it_1575520316688,1
"HeartofDarkness"_it_1575520316703,1
"HeartofDarkness"_it_1575520316731,1
"HeartofDarkness"_it_1575520319819,1
"HeartofDarkness"_it_1575520320047,1
"HeartofDarkness"_it_1575520329301,1
"HeartofDarkness"_it_1575520329401,1
"HeartofDarkness"_it_1575520329935,1
"HeartofDarkness"_it_1575520335231,1
"HeartofDarkness"_itnecessary_1575520319140,1
"HeartofDarkness"_its_1575520324454,1
"HeartofDarkness"_its_1575520333922,1
"HeartofDarkness"_its_1575520334628,1
"HeartofDarkness"_ivory_1575520318412,1
"HeartofDarkness"_ivory_1575520319781,1
"HeartofDarkness"_keep_1575520335335,1
"HeartofDarkness"_know_1575520335781,1
"HeartofDarkness"_l_1575520322380,1
"HeartofDarkness"_law_1575520331031,1
"HeartofDarkness"_laws_1575520333294,1
"HeartofDarkness"_laws_1575520333752,1
"HeartofDarkness"_laws_1575520333794,1
"HeartofDarkness"_laws_1575520335064,1
"HeartofDarkness"_laws_1575520336299,1
"HeartofDarkness"_lead_1575520319049,1
"HeartofDarkness"_learn_1575520332865,1
"HeartofDarkness"_legal_1575520331597,1
"HeartofDarkness"_legalfees_1575520328691,1
"HeartofDarkness"_legally_1575520325730,1
"HeartofDarkness"_letter_1575520333554,1
"HeartofDarkness"_liability_1575520331557,1
"HeartofDarkness"_library_1575520336853,1
"HeartofDarkness"_licensed_1575520334704,1
"HeartofDarkness"_lieu_1575520329824,1
"HeartofDarkness"_lieu_1575520330063,1
"HeartofDarkness"_life_1575520332388,1
"HeartofDarkness"_like_1575520318634,1
"HeartofDarkness"_limitation_1575520330714,1
"HeartofDarkness"_limitation_1575520330791,1
"HeartofDarkness"_limitation_1575520330993,1
"HeartofDarkness"_limited_1575520328007,1
"HeartofDarkness"_limited_1575520330274,1
"HeartofDarkness"_linkedto_1575520322783,1
"HeartofDarkness"_links_1575520323487,1
"HeartofDarkness"_links_1575520334134,1
"HeartofDarkness"_littlepeddling_1575520318809,1
"HeartofDarkness"_ll_1575520318677,1
"HeartofDarkness"_ll_1575520318738,1
"HeartofDarkness"_located_1575520333855,1
"HeartofDarkness"_located_1575520334028,1
"HeartofDarkness"_locations_1575520333986,1
"HeartofDarkness"_locationswhere_1575520335421,1
"HeartofDarkness"_look_1575520319866,1
"HeartofDarkness"_looking_1575520319990,1
"HeartofDarkness"_loose_1575520337055,1
"HeartofDarkness"_low_1575520319093,1
"HeartofDarkness"_low_1575520319105,1
"HeartofDarkness"_machine_1575520334763,1
"HeartofDarkness"_mail_1575520326245,1
"HeartofDarkness"_main_1575520337525,1
"HeartofDarkness"_maintaining_1575520334943,1
"HeartofDarkness"_make_1575520330952,1
"HeartofDarkness"_make_1575520337676,1
"HeartofDarkness"_makeany_1575520336179,1
"HeartofDarkness"_manager_1575520318903,1
"HeartofDarkness"_many_1575520335294,1
"HeartofDarkness"_marked_1575520323697,1
"HeartofDarkness"_marked_1575520325831,1
"HeartofDarkness"_maximum_1575520330968,1
"HeartofDarkness"_may_1575520316644,1
"HeartofDarkness"_may_1575520323605,1
"HeartofDarkness"_may_1575520324925,1
"HeartofDarkness"_may_1575520327925,1
"HeartofDarkness"_may_1575520327951,1
"HeartofDarkness"_may_1575520329702,1
"HeartofDarkness"_may_1575520329961,1
"HeartofDarkness"_may_1575520330149,1
"HeartofDarkness"_me_1575520318459,1
"HeartofDarkness"_me_1575520318478,1
"HeartofDarkness"_me_1575520318862,1
"HeartofDarkness"_me_1575520318987,1
"HeartofDarkness"_me_1575520319021,1
"HeartofDarkness"_me_1575520319057,1
"HeartofDarkness"_mean_1575520318428,1
"HeartofDarkness"_means_1575520324316,1
"HeartofDarkness"_means_1575520324370,1
"HeartofDarkness"_medium_1575520326558,1
"HeartofDarkness"_medium_1575520327893,1
"HeartofDarkness"_medium_1575520328171,1
"HeartofDarkness"_medium_1575520329555,1
"HeartofDarkness"_medium_1575520329594,1
"HeartofDarkness"_meet_1575520335318,1
"HeartofDarkness"_met_1575520335737,1
"HeartofDarkness"_method_1575520319935,1
"HeartofDarkness"_method_1575520320067,1
"HeartofDarkness"_method_1575520320152,1
"HeartofDarkness"_method_1575520325253,1
"HeartofDarkness"_middle_1575520332217,1
"HeartofDarkness"_mind_1575520318663,1
"HeartofDarkness"_mission_1575520334635,1
"HeartofDarkness"_modification_1575520331835,1
"HeartofDarkness"_money_1575520326147,1
"HeartofDarkness"_money_1575520326785,1
"HeartofDarkness"_money_1575520329354,1
"HeartofDarkness"_more_1575520319358,1
"HeartofDarkness"_more_1575520332873,1
"HeartofDarkness"_mostlyfossil_1575520319788,1
"HeartofDarkness"_much_1575520335266,1
"HeartofDarkness"_murmured_1575520320190,1
"HeartofDarkness"_must_1575520319562,1
"HeartofDarkness"_must_1575520319803,1
"HeartofDarkness"_must_1575520324212,1
"HeartofDarkness"_must_1575520324549,1
"HeartofDarkness"_must_1575520325622,1
"HeartofDarkness"_must_1575520326413,1
"HeartofDarkness"_must_1575520327380,1
"HeartofDarkness"_must_1575520329570,1
"HeartofDarkness"_my_1575520318565,1
"HeartofDarkness"_my_1575520318691,1
"HeartofDarkness"_my_1575520319538,1
"HeartofDarkness"_n_1575520320324,1
"HeartofDarkness"_necessarilykeep_1575520337365,1
"HeartofDarkness"_need_1575520332485,1
"HeartofDarkness"_neglected_1575520319169,1
"HeartofDarkness"_network_1575520337065,1
"HeartofDarkness"_new_1575520332241,1
"HeartofDarkness"_new_1575520337778,1
"HeartofDarkness"_new_1575520337876,1
"HeartofDarkness"_newsletter_1575520337841,1
"HeartofDarkness"_no_1575520316585,1
"HeartofDarkness"_no_1575520316617,1
"HeartofDarkness"_no_1575520319299,1
"HeartofDarkness"_no_1575520324228,1
"HeartofDarkness"_no_1575520335798,1
"HeartofDarkness"_non_1575520333229,1
"HeartofDarkness"_nonproprietary_1575520323717,1
"HeartofDarkness"_not_1575520319461,1
"HeartofDarkness"_not_1575520323003,1
"HeartofDarkness"_not_1575520323271,1
"HeartofDarkness"_not_1575520324660,1
"HeartofDarkness"_not_1575520326314,1
"HeartofDarkness"_not_1575520327999,1
"HeartofDarkness"_not_1575520330637,1
"HeartofDarkness"_not_1575520331118,1
"HeartofDarkness"_not_1575520335185,1
"HeartofDarkness"_not_1575520335386,1
"HeartofDarkness"_not_1575520335453,1
"HeartofDarkness"_not_1575520335669,1
"HeartofDarkness"_not_1575520335730,1
"HeartofDarkness"_not_1575520337356,1
"HeartofDarkness"_notice_1575520337306,1
"HeartofDarkness"_notifies_1575520326192,1
"HeartofDarkness"_notions_1575520318816,1
"HeartofDarkness"_now_1575520318579,1
"HeartofDarkness"_number_1575520334662,1
"HeartofDarkness"_number_1575520336503,1
"HeartofDarkness"_numerous_1575520333978,1
"HeartofDarkness"_obsolete_1575520332201,1
"HeartofDarkness"_obtain_1575520327387,1
"HeartofDarkness"_obtaining_1575520324386,1
"HeartofDarkness"_occur_1575520331736,1
"HeartofDarkness"_of_1575520316364,1
"HeartofDarkness"_of_1575520316387,1
"HeartofDarkness"_of_1575520316535,1
"HeartofDarkness"_of_1575520316758,1
"HeartofDarkness"_of_1575520316866,1
"HeartofDarkness"_of_1575520319774,1
"HeartofDarkness"_of_1575520322517,1
"HeartofDarkness"_of_1575520322886,1
"HeartofDarkness"_of_1575520322964,1
"HeartofDarkness"_of_1575520323171,1
"HeartofDarkness"_of_1575520323370,1
"HeartofDarkness"_of_1575520323551,1
"HeartofDarkness"_of_1575520323879,1
"HeartofDarkness"_of_1575520324324,1
"HeartofDarkness"_of_1575520324379,1
"HeartofDarkness"_of_1575520324416,1
"HeartofDarkness"_of_1575520324982,1
"HeartofDarkness"_of_1575520325112,1
"HeartofDarkness"_of_1575520325120,1
"HeartofDarkness"_of_1575520325192,1
"HeartofDarkness"_of_1575520325385,1
"HeartofDarkness"_of_1575520326131,1
"HeartofDarkness"_of_1575520326268,1
"HeartofDarkness"_of_1575520326350,1
"HeartofDarkness"_of_1575520326502,1
"HeartofDarkness"_of_1575520326596,1
"HeartofDarkness"_of_1575520326651,1
"HeartofDarkness"_of_1575520326769,1
"HeartofDarkness"_of_1575520326982,1
"HeartofDarkness"_of_1575520326998,1
"HeartofDarkness"_of_1575520327071,1
"HeartofDarkness"_of_1575520327119,1
"HeartofDarkness"_of_1575520327288,1
"HeartofDarkness"_of_1575520327513,1
"HeartofDarkness"_of_1575520328477,1
"HeartofDarkness"_of_1575520329286,1
"HeartofDarkness"_of_1575520329338,1
"HeartofDarkness"_of_1575520329832,1
"HeartofDarkness"_of_1575520330069,1
"HeartofDarkness"_of_1575520330288,1
"HeartofDarkness"_of_1575520330662,1
"HeartofDarkness"_of_1575520330720,1
"HeartofDarkness"_of_1575520330745,1
"HeartofDarkness"_of_1575520330853,1
"HeartofDarkness"_of_1575520331070,1
"HeartofDarkness"_of_1575520331085,1
"HeartofDarkness"_of_1575520331284,1
"HeartofDarkness"_of_1575520331322,1
"HeartofDarkness"_of_1575520331485,1
"HeartofDarkness"_of_1575520331671,1
"HeartofDarkness"_of_1575520331762,1
"HeartofDarkness"_of_1575520332016,1
"HeartofDarkness"_of_1575520332185,1
"HeartofDarkness"_of_1575520332275,1
"HeartofDarkness"_of_1575520332299,1
"HeartofDarkness"_of_1575520332315,1
"HeartofDarkness"_of_1575520332381,1
"HeartofDarkness"_of_1575520333301,1
"HeartofDarkness"_of_1575520333317,1
"HeartofDarkness"_of_1575520334669,1
"HeartofDarkness"_of_1575520334819,1
"HeartofDarkness"_of_1575520335133,1
"HeartofDarkness"_of_1575520335488,1
"HeartofDarkness"_of_1575520335559,1
"HeartofDarkness"_of_1575520335789,1
"HeartofDarkness"_of_1575520336221,1
"HeartofDarkness"_of_1575520336514,1
"HeartofDarkness"_of_1575520336795,1
"HeartofDarkness"_of_1575520336835,1
"HeartofDarkness"_of_1575520336863,1
"HeartofDarkness"_of_1575520337075,1
"HeartofDarkness"_of_1575520337191,1
"HeartofDarkness"_ofelectronic_1575520332113,1
"HeartofDarkness"_offers_1575520336042,1
"HeartofDarkness"_office_1575520333837,1
"HeartofDarkness"_office_1575520334011,1
"HeartofDarkness"_official_1575520324103,1
"HeartofDarkness"_official_1575520324134,1
"HeartofDarkness"_officialpage_1575520334263,1
"HeartofDarkness"_ofincreasing_1575520334645,1
"HeartofDarkness"_often_1575520337142,1
"HeartofDarkness"_old_1575520332210,1
"HeartofDarkness"_on_1575520324118,1
"HeartofDarkness"_on_1575520325685,1
"HeartofDarkness"_on_1575520327303,1
"HeartofDarkness"_on_1575520327730,1
"HeartofDarkness"_on_1575520327900,1
"HeartofDarkness"_on_1575520329533,1
"HeartofDarkness"_online_1575520316818,1
"HeartofDarkness"_online_1575520336549,1
"HeartofDarkness"_only_1575520337041,1
"HeartofDarkness"_opportunity_1575520330014,1
"HeartofDarkness"_or_1575520316812,1
"HeartofDarkness"_or_1575520323019,1
"HeartofDarkness"_or_1575520323034,1
"HeartofDarkness"_or_1575520323121,1
"HeartofDarkness"_or_1575520323187,1
"HeartofDarkness"_or_1575520323314,1
"HeartofDarkness"_or_1575520323347,1
"HeartofDarkness"_or_1575520323497,1
"HeartofDarkness"_or_1575520323730,1
"HeartofDarkness"_or_1575520323786,1
"HeartofDarkness"_or_1575520324059,1
"HeartofDarkness"_or_1575520324255,1
"HeartofDarkness"_or_1575520324353,1
"HeartofDarkness"_or_1575520324496,1
"HeartofDarkness"_or_1575520324749,1
"HeartofDarkness"_or_1575520324892,1
"HeartofDarkness"_or_1575520324988,1
"HeartofDarkness"_or_1575520325012,1
"HeartofDarkness"_or_1575520325715,1
"HeartofDarkness"_or_1575520326221,1
"HeartofDarkness"_or_1575520326471,1
"HeartofDarkness"_or_1575520326822,1
"HeartofDarkness"_or_1575520327219,1
"HeartofDarkness"_or_1575520327275,1
"HeartofDarkness"_or_1575520328087,1
"HeartofDarkness"_or_1575520328133,1
"HeartofDarkness"_or_1575520328157,1
"HeartofDarkness"_or_1575520328196,1
"HeartofDarkness"_or_1575520328235,1
"HeartofDarkness"_or_1575520328368,1
"HeartofDarkness"_or_1575520329639,1
"HeartofDarkness"_or_1575520329915,1
"HeartofDarkness"_or_1575520330304,1
"HeartofDarkness"_or_1575520330683,1
"HeartofDarkness"_or_1575520330705,1
"HeartofDarkness"_or_1575520330783,1
"HeartofDarkness"_or_1575520330984,1
"HeartofDarkness"_or_1575520331054,1
"HeartofDarkness"_or_1575520331267,1
"HeartofDarkness"_or_1575520331638,1
"HeartofDarkness"_or_1575520331778,1
"HeartofDarkness"_or_1575520331844,1
"HeartofDarkness"_or_1575520331861,1
"HeartofDarkness"_or_1575520333445,1
"HeartofDarkness"_or_1575520335525,1
"HeartofDarkness"_orcorrupt_1575520328038,1
"HeartofDarkness"_ordistribute_1575520323863,1
"HeartofDarkness"_orgFor_1575520334297,1
"HeartofDarkness"_orgSection_1575520334412,1
"HeartofDarkness"_orgThis_1575520337579,1
"HeartofDarkness"_orgTitle_1575520316851,1
"HeartofDarkness"_orgWhile_1575520335628,1
"HeartofDarkness"_org_1575520324197,1
"HeartofDarkness"_org_1575520333098,1
"HeartofDarkness"_org_1575520333595,1
"HeartofDarkness"_org_1575520334110,1
"HeartofDarkness"_org_1575520336657,1
"HeartofDarkness"_organized_1575520333268,1
"HeartofDarkness"_original_1575520324464,1
"HeartofDarkness"_originator_1575520336785,1
"HeartofDarkness"_orre_1575520316717,1
"HeartofDarkness"_other_1575520323203,1
"HeartofDarkness"_other_1575520324019,1
"HeartofDarkness"_other_1575520324066,1
"HeartofDarkness"_other_1575520326635,1
"HeartofDarkness"_other_1575520327055,1
"HeartofDarkness"_other_1575520328096,1
"HeartofDarkness"_other_1575520328165,1
"HeartofDarkness"_other_1575520328530,1
"HeartofDarkness"_otherform_1575520324502,1
"HeartofDarkness"_otherways_1575520336521,1
"HeartofDarkness"_our_1575520336325,1
"HeartofDarkness"_our_1575520337474,1
"HeartofDarkness"_our_1575520337769,1
"HeartofDarkness"_our_1575520337825,1
"HeartofDarkness"_out_1575520318703,1
"HeartofDarkness"_out_1575520318918,1
"HeartofDarkness"_out_1575520334619,1
"HeartofDarkness"_outdated_1575520334847,1
"HeartofDarkness"_owed_1575520325351,1
"HeartofDarkness"_owner_1575520325377,1
"HeartofDarkness"_owner_1575520327504,1
"HeartofDarkness"_owner_1575520328468,1
"HeartofDarkness"_owner_1575520331244,1
"HeartofDarkness"_page_1575520333058,1
"HeartofDarkness"_pages_1575520336402,1
"HeartofDarkness"_paid_1575520325637,1
"HeartofDarkness"_paid_1575520326153,1
"HeartofDarkness"_paid_1575520326794,1
"HeartofDarkness"_paid_1575520329385,1
"HeartofDarkness"_paper_1575520337420,1
"HeartofDarkness"_paperwork_1575520335275,1
"HeartofDarkness"_paragraph_1575520323464,1
"HeartofDarkness"_paragraph_1575520324627,1
"HeartofDarkness"_paragraph_1575520324828,1
"HeartofDarkness"_paragraph_1575520325537,1
"HeartofDarkness"_paragraph_1575520326729,1
"HeartofDarkness"_paragraph_1575520328402,1
"HeartofDarkness"_paragraph_1575520330335,1
"HeartofDarkness"_paragraphs_1575520322638,1
"HeartofDarkness"_part_1575520323163,1
"HeartofDarkness"_part_1575520323363,1
"HeartofDarkness"_particular_1575520337414,1
"HeartofDarkness"_particularly_1575520334912,1
"HeartofDarkness"_party_1575520328537,1
"HeartofDarkness"_pay_1575520325081,1
"HeartofDarkness"_payments_1575520325614,1
"HeartofDarkness"_payments_1575520325801,1
"HeartofDarkness"_payments_1575520336558,1
"HeartofDarkness"_people_1575520337449,1
"HeartofDarkness"_perform_1575520323299,1
"HeartofDarkness"_performing_1575520324731,1
"HeartofDarkness"_periodic_1575520325770,1
"HeartofDarkness"_permanent_1575520332780,1
"HeartofDarkness"_permission_1575520322508,1
"HeartofDarkness"_permission_1575520327397,1
"HeartofDarkness"_permitted_1575520331000,1
"HeartofDarkness"_person_1575520329458,1
"HeartofDarkness"_person_1575520329632,1
"HeartofDarkness"_person_1575520329908,1
"HeartofDarkness"_pglaf_1575520333089,1
"HeartofDarkness"_pglaf_1575520333586,1
"HeartofDarkness"_pglaf_1575520334101,1
"HeartofDarkness"_pglaf_1575520334287,1
"HeartofDarkness"_pglaf_1575520334402,1
"HeartofDarkness"_pglaf_1575520335618,1
"HeartofDarkness"_pglaf_1575520336648,1
"HeartofDarkness"_physical_1575520326550,1
"HeartofDarkness"_physical_1575520329549,1
"HeartofDarkness"_plans_1575520318571,1
"HeartofDarkness"_please_1575520336621,1
"HeartofDarkness"_possessed_1575520326528,1
"HeartofDarkness"_posted_1575520322853,1
"HeartofDarkness"_posted_1575520333571,1
"HeartofDarkness"_postedwith_1575520322486,1
"HeartofDarkness"_precarious_1575520319881,1
"HeartofDarkness"_prepare_1575520325708,1
"HeartofDarkness"_prepare_1575520325754,1
"HeartofDarkness"_principal_1575520333829,1
"HeartofDarkness"_principle_1575520319546,1
"HeartofDarkness"_printededitions_1575520337175,1
"HeartofDarkness"_problem_1575520330234,1
"HeartofDarkness"_processing_1575520323776,1
"HeartofDarkness"_produce_1575520337762,1
"HeartofDarkness"_produced_1575520336982,1
"HeartofDarkness"_production_1575520331453,1
"HeartofDarkness"_profit_1575520333236,1
"HeartofDarkness"_profits_1575520325144,1
"HeartofDarkness"_prohibitionagainst_1575520335805,1
"HeartofDarkness"_promotion_1575520331462,1
"HeartofDarkness"_proofreadpublic_1575520327752,1
"HeartofDarkness"_proprietary_1575520323737,1
"HeartofDarkness"_provide_1575520323837,1
"HeartofDarkness"_provide_1575520324294,1
"HeartofDarkness"_provide_1575520326101,1
"HeartofDarkness"_provide_1575520326697,1
"HeartofDarkness"_provide_1575520329726,1
"HeartofDarkness"_provide_1575520332442,1
"HeartofDarkness"_provide_1575520332755,1
"HeartofDarkness"_provided_1575520329664,1
"HeartofDarkness"_provided_1575520330375,1
"HeartofDarkness"_providedthat_1575520325065,1
"HeartofDarkness"_providingaccess_1575520324998,1
"HeartofDarkness"_provisions_1575520331149,1
"HeartofDarkness"_public_1575520334570,1
"HeartofDarkness"_public_1575520334679,1
"HeartofDarkness"_quantity_1575520319767,1
"HeartofDarkness"_reaching_1575520332518,1
"HeartofDarkness"_read_1575520328259,1
"HeartofDarkness"_readable_1575520332145,1
"HeartofDarkness"_readable_1575520334770,1
"HeartofDarkness"_reasonable_1575520324952,1
"HeartofDarkness"_receipt_1575520326277,1
"HeartofDarkness"_receipt_1575520326990,1
"HeartofDarkness"_received_1575520329471,1
"HeartofDarkness"_received_1575520329862,1
"HeartofDarkness"_received_1575520335463,1
"HeartofDarkness"_received_1575520336238,1
"HeartofDarkness"_receiving_1575520329294,1
"HeartofDarkness"_redistribute_1575520323321,1
"HeartofDarkness"_refund_1575520326124,1
"HeartofDarkness"_refund_1575520326761,1
"HeartofDarkness"_refund_1575520329332,1
"HeartofDarkness"_refund_1575520330085,1
"HeartofDarkness"_refund_1575520330171,1
"HeartofDarkness"_refund_1575520330312,1
"HeartofDarkness"_regulatingcharities_1575520335071,1
"HeartofDarkness"_remaining_1575520331142,1
"HeartofDarkness"_remarkable_1575520319761,1
"HeartofDarkness"_remove_1575520323042,1
"HeartofDarkness"_replacement_1575520326837,1
"HeartofDarkness"_replacement_1575520329800,1
"HeartofDarkness"_replacement_1575520330297,1
"HeartofDarkness"_reported_1575520326941,1
"HeartofDarkness"_require_1575520326420,1
"HeartofDarkness"_required_1575520325738,1
"HeartofDarkness"_requirements_1575520335167,1
"HeartofDarkness"_requirements_1575520335363,1
"HeartofDarkness"_requirements_1575520335764,1
"HeartofDarkness"_research_1575520327722,1
"HeartofDarkness"_restrictions_1575520316623,1
"HeartofDarkness"_return_1575520318725,1
"HeartofDarkness"_return_1575520318882,1
"HeartofDarkness"_return_1575520326464,1
"HeartofDarkness"_return_1575520329579,1
"HeartofDarkness"_returns_1575520325785,1
"HeartofDarkness"_right_1575520330282,1
"HeartofDarkness"_ripe_1575520319472,1
"HeartofDarkness"_royalties_1575520325514,1
"HeartofDarkness"_royalty_1575520325096,1
"HeartofDarkness"_s_1575520318312,1
"HeartofDarkness"_s_1575520319531,1
"HeartofDarkness"_s_1575520326291,1
"HeartofDarkness"_s_1575520333426,1
"HeartofDarkness"_s_1575520333785,1
"HeartofDarkness"_s_1575520333819,1
"HeartofDarkness"_s_1575520334230,1
"HeartofDarkness"_said_1575520319118,1
"HeartofDarkness"_said_1575520319974,1
"HeartofDarkness"_save_1575520318396,1
"HeartofDarkness"_save_1575520319812,1
"HeartofDarkness"_scatteredthroughout_1575520333968,1
"HeartofDarkness"_search_1575520337538,1
"HeartofDarkness"_second_1575520330005,1
"HeartofDarkness"_second_1575520330109,1
"HeartofDarkness"_secureand_1575520332771,1
"HeartofDarkness"_see_1575520319423,1
"HeartofDarkness"_see_1575520333001,1
"HeartofDarkness"_sending_1575520329417,1
"HeartofDarkness"_sent_1575520325861,1
"HeartofDarkness"_sentence_1575520323427,1
"HeartofDarkness"_set_1575520323436,1
"HeartofDarkness"_set_1575520327582,1
"HeartofDarkness"_set_1575520330319,1
"HeartofDarkness"_set_1575520330798,1
"HeartofDarkness"_setforth_1575520327343,1
"HeartofDarkness"_several_1575520337166,1
"HeartofDarkness"_sgoals_1575520332552,1
"HeartofDarkness"_shall_1575520330926,1
"HeartofDarkness"_shall_1575520331111,1
"HeartofDarkness"_sharedwith_1575520336927,1
"HeartofDarkness"_shore_1575520320028,1
"HeartofDarkness"_should_1575520325809,1
"HeartofDarkness"_show_1575520318746,1
"HeartofDarkness"_sick_1575520318613,1
"HeartofDarkness"_sigh_1575520319153,1
"HeartofDarkness"_site_1575520324172,1
"HeartofDarkness"_site_1575520334246,1
"HeartofDarkness"_site_1575520337493,1
"HeartofDarkness"_site_1575520337596,1
"HeartofDarkness"_small_1575520334871,1
"HeartofDarkness"_small_1575520336333,1
"HeartofDarkness"_so_1575520318606,1
"HeartofDarkness"_solicit_1575520335397,1
"HeartofDarkness"_solicit_1575520335678,1
"HeartofDarkness"_solicitation_1575520335755,1
"HeartofDarkness"_sorrowful_1575520319198,1
"HeartofDarkness"_specified_1575520324610,1
"HeartofDarkness"_specified_1575520325999,1
"HeartofDarkness"_staff_1575520336342,1
"HeartofDarkness"_start_1575520337457,1
"HeartofDarkness"_state_1575520330870,1
"HeartofDarkness"_state_1575520331024,1
"HeartofDarkness"_state_1575520333778,1
"HeartofDarkness"_state_1575520335594,1
"HeartofDarkness"_statements_1575520336186,1
"HeartofDarkness"_states_1575520330624,1
"HeartofDarkness"_states_1575520335125,1
"HeartofDarkness"_states_1575520335703,1
"HeartofDarkness"_states_1575520335882,1
"HeartofDarkness"_status_1575520333367,1
"HeartofDarkness"_status_1575520335550,1
"HeartofDarkness"_stored_1575520327944,1
"HeartofDarkness"_such_1575520325846,1
"HeartofDarkness"_such_1575520326429,1
"HeartofDarkness"_such_1575520327976,1
"HeartofDarkness"_such_1575520335868,1
"HeartofDarkness"_support_1575520332422,1
"HeartofDarkness"_support_1575520334578,1
"HeartofDarkness"_support_1575520337092,1
"HeartofDarkness"_survive_1575520334546,1
"HeartofDarkness"_swamp_1575520336316,1
"HeartofDarkness"_synonymous_1575520332072,1
"HeartofDarkness"_t_1575520318444,1
"HeartofDarkness"_t_1575520319265,1
"HeartofDarkness"_t_1575520319721,1
"HeartofDarkness"_t_1575520320129,1
"HeartofDarkness"_take_1575520319015,1
"HeartofDarkness"_takes_1575520335238,1
"HeartofDarkness"_tax_1575520325779,1
"HeartofDarkness"_tax_1575520333350,1
"HeartofDarkness"_tax_1575520333461,1
"HeartofDarkness"_tax_1575520333672,1
"HeartofDarkness"_tax_1575520334950,1
"HeartofDarkness"_tax_1575520336204,1
"HeartofDarkness"_taxes_1575520325318,1
"HeartofDarkness"_tell_1575520318451,1
"HeartofDarkness"_terms_1575520316751,1
"HeartofDarkness"_terms_1575520322760,1
"HeartofDarkness"_terms_1575520323091,1
"HeartofDarkness"_terms_1575520323545,1
"HeartofDarkness"_terms_1575520326344,1
"HeartofDarkness"_terms_1575520327064,1
"HeartofDarkness"_terms_1575520327319,1
"HeartofDarkness"_than_1575520319371,1
"HeartofDarkness"_than_1575520324028,1
"HeartofDarkness"_than_1575520327328,1
"HeartofDarkness"_that_1575520319524,1
"HeartofDarkness"_that_1575520326283,1
"HeartofDarkness"_that_1575520328219,1
"HeartofDarkness"_that_1575520329655,1
"HeartofDarkness"_that_1575520331614,1
"HeartofDarkness"_that_1575520332578,1
"HeartofDarkness"_that_1575520334720,1
"HeartofDarkness"_that_1575520336889,1
"HeartofDarkness"_theFoundation_1575520327567,1
"HeartofDarkness"_the_1575520316505,1
"HeartofDarkness"_the_1575520316745,1
"HeartofDarkness"_the_1575520316764,1
"HeartofDarkness"_the_1575520318366,1
"HeartofDarkness"_the_1575520318402,1
"HeartofDarkness"_the_1575520318995,1
"HeartofDarkness"_the_1575520319035,1
"HeartofDarkness"_the_1575520319395,1
"HeartofDarkness"_the_1575520319431,1
"HeartofDarkness"_the_1575520319669,1
"HeartofDarkness"_the_1575520319684,1
"HeartofDarkness"_the_1575520319929,1
"HeartofDarkness"_the_1575520320018,1
"HeartofDarkness"_the_1575520322497,1
"HeartofDarkness"_the_1575520322529,1
"HeartofDarkness"_the_1575520322711,1
"HeartofDarkness"_the_1575520322792,1
"HeartofDarkness"_the_1575520322903,1
"HeartofDarkness"_the_1575520322947,1
"HeartofDarkness"_the_1575520323049,1
"HeartofDarkness"_the_1575520323418,1
"HeartofDarkness"_the_1575520323530,1
"HeartofDarkness"_the_1575520323561,1
"HeartofDarkness"_the_1575520324096,1
"HeartofDarkness"_the_1575520324127,1
"HeartofDarkness"_the_1575520324278,1
"HeartofDarkness"_the_1575520324422,1
"HeartofDarkness"_the_1575520324564,1
"HeartofDarkness"_the_1575520325129,1
"HeartofDarkness"_the_1575520325176,1
"HeartofDarkness"_the_1575520325246,1
"HeartofDarkness"_the_1575520325368,1
"HeartofDarkness"_the_1575520325395,1
"HeartofDarkness"_the_1575520325554,1
"HeartofDarkness"_the_1575520325877,1
"HeartofDarkness"_the_1575520325984,1
"HeartofDarkness"_the_1575520326050,1
"HeartofDarkness"_the_1575520326335,1
"HeartofDarkness"_the_1575520326358,1
"HeartofDarkness"_the_1575520326511,1
"HeartofDarkness"_the_1575520326886,1
"HeartofDarkness"_the_1575520327006,1
"HeartofDarkness"_the_1575520327431,1
"HeartofDarkness"_the_1575520327498,1
"HeartofDarkness"_the_1575520327520,1
"HeartofDarkness"_the_1575520327792,1
"HeartofDarkness"_the_1575520327884,1
"HeartofDarkness"_the_1575520328346,1
"HeartofDarkness"_the_1575520328417,1
"HeartofDarkness"_the_1575520328461,1
"HeartofDarkness"_the_1575520328484,1
"HeartofDarkness"_the_1575520329347,1
"HeartofDarkness"_the_1575520329450,1
"HeartofDarkness"_the_1575520329480,1
"HeartofDarkness"_the_1575520329518,1
"HeartofDarkness"_the_1575520329585,1
"HeartofDarkness"_the_1575520329869,1
"HeartofDarkness"_the_1575520329899,1
"HeartofDarkness"_the_1575520330031,1
"HeartofDarkness"_the_1575520330101,1
"HeartofDarkness"_the_1575520330227,1
"HeartofDarkness"_the_1575520330266,1
"HeartofDarkness"_the_1575520330691,1
"HeartofDarkness"_the_1575520330863,1
"HeartofDarkness"_the_1575520330911,1
"HeartofDarkness"_the_1575520330962,1
"HeartofDarkness"_the_1575520331134,1
"HeartofDarkness"_the_1575520331219,1
"HeartofDarkness"_the_1575520331292,1
"HeartofDarkness"_the_1575520331446,1
"HeartofDarkness"_the_1575520331681,1
"HeartofDarkness"_the_1575520331999,1
"HeartofDarkness"_the_1575520332087,1
"HeartofDarkness"_the_1575520332161,1
"HeartofDarkness"_the_1575520332283,1
"HeartofDarkness"_the_1575520332585,1
"HeartofDarkness"_the_1575520332691,1
"HeartofDarkness"_the_1575520332891,1
"HeartofDarkness"_the_1575520333033,1
"HeartofDarkness"_the_1575520333132,1
"HeartofDarkness"_the_1575520333284,1
"HeartofDarkness"_the_1575520333383,1
"HeartofDarkness"_the_1575520333627,1
"HeartofDarkness"_the_1575520333697,1
"HeartofDarkness"_the_1575520334213,1
"HeartofDarkness"_the_1575520334454,1
"HeartofDarkness"_the_1575520334653,1
"HeartofDarkness"_the_1575520334803,1
"HeartofDarkness"_the_1575520334977,1
"HeartofDarkness"_the_1575520335054,1
"HeartofDarkness"_the_1575520335142,1
"HeartofDarkness"_the_1575520335542,1
"HeartofDarkness"_the_1575520335747,1
"HeartofDarkness"_the_1575520336255,1
"HeartofDarkness"_the_1575520336367,1
"HeartofDarkness"_the_1575520336778,1
"HeartofDarkness"_the_1575520336802,1
"HeartofDarkness"_the_1575520337259,1
"HeartofDarkness"_the_1575520337516,1
"HeartofDarkness"_the_1575520337699,1
"HeartofDarkness"_theassistance_1575520332468,1
"HeartofDarkness"_thefact_1575520319314,1
"HeartofDarkness"_thelaw_1575520330847,1
"HeartofDarkness"_thepermission_1575520322869,1
"HeartofDarkness"_theposition_1575520319888,1
"HeartofDarkness"_there_1575520319285,1
"HeartofDarkness"_there_1575520319736,1
"HeartofDarkness"_these_1575520327830,1
"HeartofDarkness"_these_1575520335353,1
"HeartofDarkness"_thestate_1575520333310,1
"HeartofDarkness"_thetrademark_1575520331235,1
"HeartofDarkness"_they_1575520327916,1
"HeartofDarkness"_they_1575520332478,1
"HeartofDarkness"_thirty_1575520336955,1
"HeartofDarkness"_this_1575520316798,1
"HeartofDarkness"_this_1575520322970,1
"HeartofDarkness"_this_1575520323104,1
"HeartofDarkness"_this_1575520323379,1
"HeartofDarkness"_this_1575520323646,1
"HeartofDarkness"_this_1575520325530,1
"HeartofDarkness"_this_1575520327080,1
"HeartofDarkness"_this_1575520327357,1
"HeartofDarkness"_this_1575520328599,1
"HeartofDarkness"_this_1575520329248,1
"HeartofDarkness"_this_1575520330351,1
"HeartofDarkness"_this_1575520330821,1
"HeartofDarkness"_this_1575520330896,1
"HeartofDarkness"_this_1575520331094,1
"HeartofDarkness"_this_1575520331385,1
"HeartofDarkness"_this_1575520331768,1
"HeartofDarkness"_thiselectronic_1575520323330,1
"HeartofDarkness"_thiswork_1575520323181,1
"HeartofDarkness"_through_1575520322654,1
"HeartofDarkness"_time_1575520319437,1
"HeartofDarkness"_time_1575520319647,1
"HeartofDarkness"_tmLicense_1575520323082,1
"HeartofDarkness"_tmLicense_1575520324595,1
"HeartofDarkness"_tmProject_1575520332041,1
"HeartofDarkness"_tm_1575520322444,1
"HeartofDarkness"_tm_1575520322814,1
"HeartofDarkness"_tm_1575520323250,1
"HeartofDarkness"_tm_1575520323576,1
"HeartofDarkness"_tm_1575520323982,1
"HeartofDarkness"_tm_1575520324158,1
"HeartofDarkness"_tm_1575520324787,1
"HeartofDarkness"_tm_1575520325042,1
"HeartofDarkness"_tm_1575520325214,1
"HeartofDarkness"_tm_1575520325448,1
"HeartofDarkness"_tm_1575520326387,1
"HeartofDarkness"_tm_1575520326675,1
"HeartofDarkness"_tm_1575520327144,1
"HeartofDarkness"_tm_1575520327545,1
"HeartofDarkness"_tm_1575520327862,1
"HeartofDarkness"_tm_1575520328499,1
"HeartofDarkness"_tm_1575520328568,1
"HeartofDarkness"_tm_1575520331347,1
"HeartofDarkness"_tm_1575520331508,1
"HeartofDarkness"_tm_1575520331904,1
"HeartofDarkness"_tm_1575520332056,1
"HeartofDarkness"_tm_1575520332544,1
"HeartofDarkness"_tm_1575520332611,1
"HeartofDarkness"_tm_1575520332821,1
"HeartofDarkness"_tm_1575520334504,1
"HeartofDarkness"_tm_1575520336718,1
"HeartofDarkness"_tm_1575520337015,1
"HeartofDarkness"_tm_1575520337116,1
"HeartofDarkness"_tm_1575520337644,1
"HeartofDarkness"_tmcollection_1575520327815,1
"HeartofDarkness"_tmconcept_1575520336828,1
"HeartofDarkness"_tmelectronic_1575520327260,1
"HeartofDarkness"_tmwork_1575520331810,1
"HeartofDarkness"_to_1575520318642,1
"HeartofDarkness"_to_1575520319009,1
"HeartofDarkness"_to_1575520319147,1
"HeartofDarkness"_to_1575520319177,1
"HeartofDarkness"_to_1575520319386,1
"HeartofDarkness"_to_1575520319616,1
"HeartofDarkness"_to_1575520323521,1
"HeartofDarkness"_to_1575520323621,1
"HeartofDarkness"_to_1575520323853,1
"HeartofDarkness"_to_1575520324270,1
"HeartofDarkness"_to_1575520324707,1
"HeartofDarkness"_to_1575520325004,1
"HeartofDarkness"_to_1575520325285,1
"HeartofDarkness"_to_1575520325360,1
"HeartofDarkness"_to_1575520325497,1
"HeartofDarkness"_to_1575520325547,1
"HeartofDarkness"_to_1575520325747,1
"HeartofDarkness"_to_1575520325868,1
"HeartofDarkness"_to_1575520326044,1
"HeartofDarkness"_to_1575520326328,1
"HeartofDarkness"_to_1575520326455,1
"HeartofDarkness"_to_1575520326628,1
"HeartofDarkness"_to_1575520326949,1
"HeartofDarkness"_to_1575520327188,1
"HeartofDarkness"_to_1575520327694,1
"HeartofDarkness"_to_1575520328015,1
"HeartofDarkness"_to_1575520328629,1
"HeartofDarkness"_to_1575520329444,1
"HeartofDarkness"_to_1575520329718,1
"HeartofDarkness"_to_1575520329945,1
"HeartofDarkness"_to_1575520329977,1
"HeartofDarkness"_to_1575520330211,1
"HeartofDarkness"_to_1575520330382,1
"HeartofDarkness"_to_1575520330886,1
"HeartofDarkness"_to_1575520330946,1
"HeartofDarkness"_to_1575520331188,1
"HeartofDarkness"_to_1575520331729,1
"HeartofDarkness"_to_1575520331878,1
"HeartofDarkness"_to_1575520332432,1
"HeartofDarkness"_to_1575520332511,1
"HeartofDarkness"_to_1575520332666,1
"HeartofDarkness"_to_1575520332748,1
"HeartofDarkness"_to_1575520333618,1
"HeartofDarkness"_to_1575520333687,1
"HeartofDarkness"_to_1575520334158,1
"HeartofDarkness"_to_1575520334447,1
"HeartofDarkness"_to_1575520334602,1
"HeartofDarkness"_to_1575520334893,1
"HeartofDarkness"_to_1575520334933,1
"HeartofDarkness"_to_1575520335029,1
"HeartofDarkness"_to_1575520335310,1
"HeartofDarkness"_to_1575520336051,1
"HeartofDarkness"_to_1575520337667,1
"HeartofDarkness"_to_1575520337691,1
"HeartofDarkness"_to_1575520337746,1
"HeartofDarkness"_to_1575520337816,1
"HeartofDarkness"_to_1575520337849,1
"HeartofDarkness"_toreceive_1575520330021,1
"HeartofDarkness"_tosave_1575520318529,1
"HeartofDarkness"_tosubscribe_1575520337809,1
"HeartofDarkness"_trade_1575520319693,1
"HeartofDarkness"_trademark_1575520325455,1
"HeartofDarkness"_trademark_1575520327551,1
"HeartofDarkness"_trademark_1575520328508,1
"HeartofDarkness"_transcribe_1575520327737,1
"HeartofDarkness"_transcription_1575520328054,1
"HeartofDarkness"_treatment_1575520336213,1
"HeartofDarkness"_types_1575520330736,1
"HeartofDarkness"_under_1575520316736,1
"HeartofDarkness"_under_1575520319029,1
"HeartofDarkness"_under_1575520325521,1
"HeartofDarkness"_under_1575520328592,1
"HeartofDarkness"_under_1575520333277,1
"HeartofDarkness"_unenforceability_1575520331063,1
"HeartofDarkness"_uniform_1575520335214,1
"HeartofDarkness"_unless_1575520337282,1
"HeartofDarkness"_unlink_1575520323012,1
"HeartofDarkness"_unsolicited_1575520335824,1
"HeartofDarkness"_unsound_1575520319951,1
"HeartofDarkness"_unsound_1575520320055,1
"HeartofDarkness"_up_1575520323704,1
"HeartofDarkness"_up_1575520334150,1
"HeartofDarkness"_upon_1575520334520,1
"HeartofDarkness"_uponrequest_1575520324410,1
"HeartofDarkness"_upwith_1575520335345,1
"HeartofDarkness"_us_1575520319624,1
"HeartofDarkness"_us_1575520336003,1
"HeartofDarkness"_use_1575520316519,1
"HeartofDarkness"_use_1575520316724,1
"HeartofDarkness"_use_1575520322570,1
"HeartofDarkness"_use_1575520325183,1
"HeartofDarkness"_use_1575520325278,1
"HeartofDarkness"_use_1575520326587,1
"HeartofDarkness"_used_1575520324081,1
"HeartofDarkness"_user_1575520324285,1
"HeartofDarkness"_user_1575520326178,1
"HeartofDarkness"_user_1575520326448,1
"HeartofDarkness"_using_1575520325237,1
"HeartofDarkness"_variety_1575520332178,1
"HeartofDarkness"_ve_1575520318505,1
"HeartofDarkness"_versionposted_1575520324111,1
"HeartofDarkness"_very_1575520319084,1
"HeartofDarkness"_very_1575520319099,1
"HeartofDarkness"_viewing_1575520324715,1
"HeartofDarkness"_vigorous_1575520319492,1
"HeartofDarkness"_violates_1575520330837,1
"HeartofDarkness"_virus_1575520328187,1
"HeartofDarkness"_visit_1575520335601,1
"HeartofDarkness"_visit_1575520336630,1
"HeartofDarkness"_voice_1575520318345,1
"HeartofDarkness"_void_1575520331127,1
"HeartofDarkness"_volunteer_1575520337083,1
"HeartofDarkness"_volunteers_1575520327653,1
"HeartofDarkness"_volunteers_1575520331418,1
"HeartofDarkness"_volunteers_1575520332322,1
"HeartofDarkness"_volunteers_1575520332449,1
"HeartofDarkness"_volunteers_1575520333935,1
"HeartofDarkness"_walks_1575520332371,1
"HeartofDarkness"_was_1575520319447,1
"HeartofDarkness"_was_1575520332732,1
"HeartofDarkness"_we_1575520319228,1
"HeartofDarkness"_we_1575520319271,1
"HeartofDarkness"_we_1575520335435,1
"HeartofDarkness"_we_1575520335635,1
"HeartofDarkness"_we_1575520335772,1
"HeartofDarkness"_we_1575520336162,1
"HeartofDarkness"_we_1575520337338,1
"HeartofDarkness"_web_1575520324165,1
"HeartofDarkness"_web_1575520333049,1
"HeartofDarkness"_web_1575520334237,1
"HeartofDarkness"_wehave_1575520335720,1
"HeartofDarkness"_what_1575520318760,1
"HeartofDarkness"_whatsoever_1575520316630,1
"HeartofDarkness"_where_1575520335713,1
"HeartofDarkness"_which_1575520325693,1
"HeartofDarkness"_which_1575520327909,1
"HeartofDarkness"_which_1575520331696,1
"HeartofDarkness"_which_1575520337199,1
"HeartofDarkness"_which_1575520337500,1
"HeartofDarkness"_while_1575520320211,1
"HeartofDarkness"_who_1575520326184,1
"HeartofDarkness"_whoapproach_1575520335915,1
"HeartofDarkness"_whole_1575520319678,1
"HeartofDarkness"_why_1575520319913,1
"HeartofDarkness"_widespread_1575520334562,1
"HeartofDarkness"_widest_1575520332168,1
"HeartofDarkness"_widestarray_1575520334812,1
"HeartofDarkness"_will_1575520318876,1
"HeartofDarkness"_will_1575520322767,1
"HeartofDarkness"_willremain_1575520332627,1
"HeartofDarkness"_willsuffer_1575520319699,1
"HeartofDarkness"_wish_1575520327181,1
"HeartofDarkness"_with_1575520318795,1
"HeartofDarkness"_with_1575520318850,1
"HeartofDarkness"_with_1575520322619,1
"HeartofDarkness"_with_1575520322862,1
"HeartofDarkness"_with_1575520323227,1
"HeartofDarkness"_with_1575520324819,1
"HeartofDarkness"_with_1575520326719,1
"HeartofDarkness"_with_1575520327040,1
"HeartofDarkness"_with_1575520331437,1
"HeartofDarkness"_with_1575520332081,1
"HeartofDarkness"_with_1575520332457,1
"HeartofDarkness"_with_1575520334967,1
"HeartofDarkness"_with_1575520335047,1
"HeartofDarkness"_with_1575520336026,1
"HeartofDarkness"_with_1575520337032,1
"HeartofDarkness"_with_1575520337397,1
"HeartofDarkness"_withactive_1575520323481,1
"HeartofDarkness"_withalmost_1575520316611,1
"HeartofDarkness"_within_1575520325647,1
"HeartofDarkness"_within_1575520326252,1
"HeartofDarkness"_within_1575520326966,1
"HeartofDarkness"_within_1575520329270,1
"HeartofDarkness"_without_1575520330195,1
"HeartofDarkness"_without_1575520334553,1
"HeartofDarkness"_withoutprominently_1575520323401,1
"HeartofDarkness"_withthe_1575520329680,1
"HeartofDarkness"_withyour_1575520329600,1
"HeartofDarkness"_work_1575520322465,1
"HeartofDarkness"_work_1575520322980,1
"HeartofDarkness"_work_1575520323114,1
"HeartofDarkness"_work_1575520323212,1
"HeartofDarkness"_work_1575520323337,1
"HeartofDarkness"_work_1575520323395,1
"HeartofDarkness"_work_1575520323654,1
"HeartofDarkness"_work_1575520323988,1
"HeartofDarkness"_work_1575520324434,1
"HeartofDarkness"_work_1575520326815,1
"HeartofDarkness"_work_1575520326904,1
"HeartofDarkness"_work_1575520327016,1
"HeartofDarkness"_work_1575520327266,1
"HeartofDarkness"_work_1575520328584,1
"HeartofDarkness"_work_1575520329263,1
"HeartofDarkness"_work_1575520329487,1
"HeartofDarkness"_work_1575520329527,1
"HeartofDarkness"_work_1575520329696,1
"HeartofDarkness"_work_1575520329878,1
"HeartofDarkness"_work_1575520330038,1
"HeartofDarkness"_work_1575520330360,1
"HeartofDarkness"_work_1575520331913,1
"HeartofDarkness"_works_1575520322846,1
"HeartofDarkness"_works_1575520325055,1
"HeartofDarkness"_works_1575520325221,1
"HeartofDarkness"_works_1575520326518,1
"HeartofDarkness"_works_1575520326682,1
"HeartofDarkness"_works_1575520327151,1
"HeartofDarkness"_works_1575520327297,1
"HeartofDarkness"_works_1575520327767,1
"HeartofDarkness"_works_1575520331364,1
"HeartofDarkness"_works_1575520331524,1
"HeartofDarkness"_works_1575520332119,1
"HeartofDarkness"_works_1575520334713,1
"HeartofDarkness"_works_1575520336880,1
"HeartofDarkness"_worksunless_1575520324795,1
"HeartofDarkness"_would_1575520318628,1
"HeartofDarkness"_writing_1575520326214,1
"HeartofDarkness"_writing_1575520327413,1
"HeartofDarkness"_writing_1575520330186,1
"HeartofDarkness"_written_1575520329609,1
"HeartofDarkness"_written_1575520335470,1
"HeartofDarkness"_www_1575520316834,1
"HeartofDarkness"_www_1575520324181,1
"HeartofDarkness"_www_1575520333082,1
"HeartofDarkness"_www_1575520337563,1
"HeartofDarkness"_years_1575520336965,1
"HeartofDarkness"_yet_1575520318712,1
"HeartofDarkness"_yet_1575520319584,1
"HeartofDarkness"_you_1575520318418,1
"HeartofDarkness"_you_1575520318536,1
"HeartofDarkness"_you_1575520318752,1
"HeartofDarkness"_you_1575520318824,1
"HeartofDarkness"_you_1575520319966,1
"HeartofDarkness"_you_1575520320135,1
"HeartofDarkness"_you_1575520323830,1
"HeartofDarkness"_you_1575520324203,1
"HeartofDarkness"_you_1575520324802,1
"HeartofDarkness"_you_1575520325151,1
"HeartofDarkness"_you_1575520325262,1
"HeartofDarkness"_you_1575520325700,1
"HeartofDarkness"_you_1575520326199,1
"HeartofDarkness"_you_1575520326957,1
"HeartofDarkness"_you_1575520327174,1
"HeartofDarkness"_you_1575520327371,1
"HeartofDarkness"_you_1575520328636,1
"HeartofDarkness"_you_1575520329218,1
"HeartofDarkness"_you_1575520329309,1
"HeartofDarkness"_you_1575520329379,1
"HeartofDarkness"_you_1575520329465,1
"HeartofDarkness"_you_1575520329564,1
"HeartofDarkness"_you_1575520329670,1
"HeartofDarkness"_you_1575520329854,1
"HeartofDarkness"_you_1575520329952,1
"HeartofDarkness"_you_1575520329992,1
"HeartofDarkness"_you_1575520330138,1
"HeartofDarkness"_you_1575520330388,1
"HeartofDarkness"_you_1575520331704,1
"HeartofDarkness"_you_1575520331959,1
"HeartofDarkness"_your_1575520318801,1
"HeartofDarkness"_your_1575520322562,1
"HeartofDarkness"_your_1575520325301,1
"HeartofDarkness"_your_1575520325763,1
"HeartofDarkness"_your_1575520332951,1
"HeartofDarkness"_your_1575520333769,1
"HeartofDarkness"_youreceived_1575520329511,1
